symbol,direction,entry_price,size,entry_time,stop_loss,take_profit,exit_price,exit_time,exit_reason,pnl,signal_time,month,day
Step Index,sell,8317.9,1.0,2025-01-01 03:00:00,8329.9248,8293.550399999996,8329.9248,2025-01-01 05:45:00,stop_loss,-12.02480000000105,2025-01-01 02:45:00,2025-01,2025-01-01
Step Index,sell,8314.3,1.0,2025-01-01 03:15:00,8329.9248,8293.550399999996,8329.9248,2025-01-01 05:45:00,stop_loss,-15.624800000001414,2025-01-01 03:00:00,2025-01,2025-01-01
Step Index,sell,8320.9,1.0,2025-01-01 02:15:00,8336.7248,8289.5504,8336.7248,2025-01-01 08:15:00,stop_loss,-15.824800000000323,2025-01-01 02:00:00,2025-01,2025-01-01
Step Index,sell,8320.5,1.0,2025-01-01 02:30:00,8336.7248,8289.5504,8336.7248,2025-01-01 08:15:00,stop_loss,-16.22479999999996,2025-01-01 02:15:00,2025-01,2025-01-01
Step Index,sell,8343.9,1.0,2025-01-01 10:45:00,8355.6497,8320.7006,8320.7006,2025-01-01 14:15:00,take_profit,23.199399999999514,2025-01-01 10:30:00,2025-01,2025-01-01
Step Index,sell,8336.7,1.0,2025-01-01 11:00:00,8355.6497,8320.7006,8320.7006,2025-01-01 14:15:00,take_profit,15.999400000000605,2025-01-01 10:45:00,2025-01,2025-01-01
Step Index,buy,8324.9,1.0,2025-01-01 21:15:00,8313.9772,8347.9,8313.9772,2025-01-01 23:00:00,stop_loss,-10.92280000000028,2025-01-01 21:00:00,2025-01,2025-01-01
Step Index,buy,8326.7,1.0,2025-01-01 21:30:00,8313.9772,8347.9,8313.9772,2025-01-01 23:00:00,stop_loss,-12.72280000000137,2025-01-01 21:15:00,2025-01,2025-01-01
Step Index,buy,8319.9,1.0,2025-01-01 18:15:00,8308.7772,8347.9,8308.7772,2025-01-02 00:15:00,stop_loss,-11.122799999999188,2025-01-01 18:00:00,2025-01,2025-01-02
Step Index,buy,8324.1,1.0,2025-01-01 18:30:00,8308.7772,8347.9,8308.7772,2025-01-02 00:15:00,stop_loss,-15.322799999999916,2025-01-01 18:15:00,2025-01,2025-01-02
Step Index,sell,8311.1,1.0,2025-01-02 02:45:00,8319.8,8303.000000000004,8319.8,2025-01-02 03:45:00,stop_loss,-8.699999999998909,2025-01-02 02:30:00,2025-01,2025-01-02
Step Index,sell,8314.1,1.0,2025-01-02 04:30:00,8320.7,8301.2,8320.7,2025-01-02 05:15:00,stop_loss,-6.600000000000364,2025-01-02 04:15:00,2025-01,2025-01-02
Step Index,sell,8314.5,1.0,2025-01-02 04:45:00,8320.7,8301.2,8320.7,2025-01-02 05:15:00,stop_loss,-6.200000000000728,2025-01-02 04:30:00,2025-01,2025-01-02
Step Index,sell,8314.7,1.0,2025-01-02 05:00:00,8320.7,8301.2,8320.7,2025-01-02 05:15:00,stop_loss,-6.0,2025-01-02 04:45:00,2025-01,2025-01-02
Step Index,sell,8314.5,1.0,2025-01-02 05:30:00,8321.0,8301.800000000001,8321.0,2025-01-02 05:15:00,stop_loss,-6.5,2025-01-02 05:15:00,2025-01,2025-01-02
Step Index,sell,8313.9,1.0,2025-01-02 05:45:00,8321.0,8301.800000000001,8321.0,2025-01-02 05:45:00,stop_loss,-7.100000000000364,2025-01-02 05:30:00,2025-01,2025-01-02
Step Index,sell,8318.9,1.0,2025-01-02 06:00:00,8321.0,8301.800000000001,8321.0,2025-01-02 05:45:00,stop_loss,-2.100000000000364,2025-01-02 05:45:00,2025-01,2025-01-02
Step Index,sell,8317.1,1.0,2025-01-02 06:45:00,8323.1,8305.400000000001,8323.1,2025-01-02 10:45:00,stop_loss,-6.0,2025-01-02 06:30:00,2025-01,2025-01-02
Step Index,sell,8317.5,1.0,2025-01-02 07:00:00,8323.1,8305.400000000001,8323.1,2025-01-02 10:45:00,stop_loss,-5.600000000000364,2025-01-02 06:45:00,2025-01,2025-01-02
Step Index,sell,8317.1,1.0,2025-01-02 07:15:00,8323.1,8305.400000000001,8323.1,2025-01-02 10:45:00,stop_loss,-6.0,2025-01-02 07:00:00,2025-01,2025-01-02
Step Index,sell,8316.1,1.0,2025-01-02 08:45:00,8326.114469999999,8295.771060000003,8326.114469999999,2025-01-02 10:45:00,stop_loss,-10.014469999998255,2025-01-02 08:30:00,2025-01,2025-01-02
Step Index,sell,8311.1,1.0,2025-01-02 09:00:00,8326.114469999999,8295.771060000003,8326.114469999999,2025-01-02 10:45:00,stop_loss,-15.014469999998255,2025-01-02 08:45:00,2025-01,2025-01-02
Step Index,sell,8314.1,1.0,2025-01-02 02:15:00,8327.01725,8288.5655,8327.01725,2025-01-02 11:15:00,stop_loss,-12.917250000000422,2025-01-02 02:00:00,2025-01,2025-01-02
Step Index,sell,8313.9,1.0,2025-01-02 02:30:00,8327.01725,8288.5655,8327.01725,2025-01-02 11:15:00,stop_loss,-13.11725000000115,2025-01-02 02:15:00,2025-01,2025-01-02
Step Index,sell,8316.7,1.0,2025-01-02 08:00:00,8329.014200000001,8291.771599999998,8329.014200000001,2025-01-02 11:15:00,stop_loss,-12.31420000000071,2025-01-02 07:45:00,2025-01,2025-01-02
Step Index,sell,8316.9,1.0,2025-01-02 08:15:00,8329.01447,8291.771060000001,8329.01447,2025-01-02 11:15:00,stop_loss,-12.114470000000438,2025-01-02 08:00:00,2025-01,2025-01-02
Step Index,sell,8322.3,1.0,2025-01-01 15:30:00,8333.6201,8299.959799999999,8333.6201,2025-01-02 11:30:00,stop_loss,-11.32010000000082,2025-01-01 15:15:00,2025-01,2025-01-02
Step Index,sell,8321.7,1.0,2025-01-01 15:45:00,8333.6201,8299.959799999999,8333.6201,2025-01-02 11:30:00,stop_loss,-11.920099999999366,2025-01-01 15:30:00,2025-01,2025-01-02
Step Index,sell,8320.5,1.0,2025-01-01 17:00:00,8333.920100000001,8293.959799999999,8333.920100000001,2025-01-02 11:30:00,stop_loss,-13.420100000001185,2025-01-01 16:45:00,2025-01,2025-01-02
Step Index,sell,8319.3,1.0,2025-01-01 17:15:00,8331.3201,8295.559799999997,8331.3201,2025-01-02 11:30:00,stop_loss,-12.020100000001548,2025-01-01 17:00:00,2025-01,2025-01-02
Step Index,sell,8315.5,1.0,2025-01-01 17:30:00,8331.3201,8295.559799999997,8331.3201,2025-01-02 11:30:00,stop_loss,-15.82010000000082,2025-01-01 17:15:00,2025-01,2025-01-02
Step Index,sell,8322.3,1.0,2025-01-01 19:30:00,8334.71904,8300.761919999999,8334.71904,2025-01-02 11:30:00,stop_loss,-12.419040000000678,2025-01-01 19:15:00,2025-01,2025-01-02
Step Index,sell,8322.9,1.0,2025-01-01 20:30:00,8333.81931,8301.361379999998,8333.81931,2025-01-02 11:30:00,stop_loss,-10.919310000001133,2025-01-01 20:15:00,2025-01,2025-01-02
Step Index,sell,8322.9,1.0,2025-01-01 20:45:00,8333.81931,8301.361379999998,8333.81931,2025-01-02 11:30:00,stop_loss,-10.919310000001133,2025-01-01 20:30:00,2025-01,2025-01-02
Step Index,sell,8321.3,1.0,2025-01-01 22:00:00,8334.71931,8294.161380000001,8334.71931,2025-01-02 11:30:00,stop_loss,-13.419310000001133,2025-01-01 21:45:00,2025-01,2025-01-02
Step Index,sell,8320.5,1.0,2025-01-01 22:15:00,8334.71931,8294.161380000001,8334.71931,2025-01-02 11:30:00,stop_loss,-14.219310000000405,2025-01-01 22:00:00,2025-01,2025-01-02
Step Index,sell,8318.5,1.0,2025-01-01 22:30:00,8332.519310000001,8296.761379999998,8332.519310000001,2025-01-02 11:30:00,stop_loss,-14.019310000001497,2025-01-01 22:15:00,2025-01,2025-01-02
Step Index,sell,8324.1,1.0,2025-01-01 14:00:00,8336.020100000002,8300.559799999999,8336.020100000002,2025-01-02 11:45:00,stop_loss,-11.920100000001185,2025-01-01 13:45:00,2025-01,2025-01-02
Step Index,sell,8322.9,1.0,2025-01-01 14:15:00,8336.020100000002,8300.559799999999,8336.020100000002,2025-01-02 11:45:00,stop_loss,-13.120100000001912,2025-01-01 14:00:00,2025-01,2025-01-02
Step Index,sell,8322.9,1.0,2025-01-01 19:00:00,8335.61904,8297.161919999999,8335.61904,2025-01-02 11:45:00,stop_loss,-12.71903999999995,2025-01-01 18:45:00,2025-01,2025-01-02
Step Index,sell,8323.3,1.0,2025-01-01 19:15:00,8335.61904,8297.161919999999,8335.61904,2025-01-02 11:45:00,stop_loss,-12.319040000000314,2025-01-01 19:00:00,2025-01,2025-01-02
Step Index,buy,8321.5,1.0,2025-01-02 06:30:00,8308.9772,8347.9,8347.9,2025-01-02 13:45:00,take_profit,26.399999999999636,2025-01-02 06:15:00,2025-01,2025-01-02
Step Index,buy,8343.7,1.0,2025-01-02 21:00:00,8328.55763,8374.28474,8328.55763,2025-01-02 23:00:00,stop_loss,-15.142370000001392,2025-01-02 20:45:00,2025-01,2025-01-02
Step Index,buy,8343.7,1.0,2025-01-02 21:15:00,8328.55763,8374.28474,8328.55763,2025-01-02 23:00:00,stop_loss,-15.142370000001392,2025-01-02 21:00:00,2025-01,2025-01-02
Step Index,buy,8340.3,1.0,2025-01-02 22:00:00,8329.05763,8363.08474,8329.05763,2025-01-02 23:00:00,stop_loss,-11.242369999999937,2025-01-02 21:45:00,2025-01,2025-01-02
Step Index,buy,8336.7,1.0,2025-01-02 22:15:00,8329.05775,8363.084499999999,8329.05775,2025-01-02 23:00:00,stop_loss,-7.642250000000786,2025-01-02 22:00:00,2025-01,2025-01-02
Step Index,sell,8337.1,1.0,2025-01-02 13:15:00,8351.2479,8308.5042,8351.2479,2025-01-03 00:30:00,stop_loss,-14.147899999999936,2025-01-02 13:00:00,2025-01,2025-01-03
Step Index,sell,8338.5,1.0,2025-01-02 13:30:00,8351.2479,8308.5042,8351.2479,2025-01-03 00:30:00,stop_loss,-12.7479000000003,2025-01-02 13:15:00,2025-01,2025-01-03
Step Index,buy,8340.7,1.0,2025-01-02 17:15:00,8326.7595,8368.880999999998,8368.880999999998,2025-01-03 09:00:00,take_profit,28.180999999996857,2025-01-02 17:00:00,2025-01,2025-01-03
Step Index,buy,8339.7,1.0,2025-01-02 17:30:00,8326.7595,8368.880999999998,8368.880999999998,2025-01-03 09:00:00,take_profit,29.180999999996857,2025-01-02 17:15:00,2025-01,2025-01-03
Step Index,buy,8342.5,1.0,2025-01-03 01:45:00,8329.35784,8369.08432,8369.08432,2025-01-03 09:00:00,take_profit,26.584319999999934,2025-01-03 01:30:00,2025-01,2025-01-03
Step Index,buy,8339.7,1.0,2025-01-03 02:00:00,8329.35784,8369.08432,8369.08432,2025-01-03 09:00:00,take_profit,29.384319999999207,2025-01-03 01:45:00,2025-01,2025-01-03
Step Index,buy,8338.1,1.0,2025-01-02 12:45:00,8319.6772,8375.245600000002,8375.245600000002,2025-01-03 09:45:00,take_profit,37.14560000000165,2025-01-02 12:30:00,2025-01,2025-01-03
Step Index,buy,8341.3,1.0,2025-01-02 13:00:00,8319.6772,8375.245600000002,8375.245600000002,2025-01-03 09:45:00,take_profit,33.94560000000274,2025-01-02 12:45:00,2025-01,2025-01-03
Step Index,buy,8350.3,1.0,2025-01-03 03:00:00,8337.857080000002,8374.885839999999,8374.885839999999,2025-01-03 09:45:00,take_profit,24.585839999999735,2025-01-03 02:45:00,2025-01,2025-01-03
Step Index,buy,8349.7,1.0,2025-01-03 03:15:00,8337.857080000002,8374.885839999999,8374.885839999999,2025-01-03 09:45:00,take_profit,25.18583999999828,2025-01-03 03:00:00,2025-01,2025-01-03
Step Index,buy,8347.3,1.0,2025-01-03 03:45:00,8333.95708,8373.685840000002,8373.685840000002,2025-01-03 09:45:00,take_profit,26.385840000002645,2025-01-03 03:30:00,2025-01,2025-01-03
Step Index,buy,8356.1,1.0,2025-01-03 07:30:00,8343.74915,8380.5017,8380.5017,2025-01-03 10:15:00,take_profit,24.401700000000346,2025-01-03 07:15:00,2025-01,2025-01-03
Step Index,buy,8354.7,1.0,2025-01-03 07:45:00,8343.74915,8380.5017,8380.5017,2025-01-03 10:15:00,take_profit,25.801699999999983,2025-01-03 07:30:00,2025-01,2025-01-03
Step Index,buy,8355.9,1.0,2025-01-03 08:15:00,8344.2466,8378.906799999997,8378.906799999997,2025-01-03 10:15:00,take_profit,23.006799999997384,2025-01-03 08:00:00,2025-01,2025-01-03
Step Index,buy,8356.5,1.0,2025-01-03 08:30:00,8344.2466,8378.906799999997,8378.906799999997,2025-01-03 10:15:00,take_profit,22.40679999999702,2025-01-03 08:15:00,2025-01,2025-01-03
Step Index,buy,8357.7,1.0,2025-01-03 08:45:00,8345.0466,8379.1068,8379.1068,2025-01-03 10:15:00,take_profit,21.40679999999884,2025-01-03 08:30:00,2025-01,2025-01-03
Step Index,buy,8347.9,1.0,2025-01-03 02:30:00,8330.357080000002,8383.285839999997,8383.285839999997,2025-01-03 11:00:00,take_profit,35.38583999999719,2025-01-03 02:15:00,2025-01,2025-01-03
Step Index,buy,8348.9,1.0,2025-01-03 02:45:00,8330.357080000002,8383.285839999997,8383.285839999997,2025-01-03 11:00:00,take_profit,34.38583999999719,2025-01-03 02:30:00,2025-01,2025-01-03
Step Index,buy,8353.5,1.0,2025-01-03 04:00:00,8337.757080000001,8385.285839999999,8385.285839999999,2025-01-03 11:15:00,take_profit,31.785839999998643,2025-01-03 03:45:00,2025-01,2025-01-03
Step Index,buy,8354.9,1.0,2025-01-03 04:15:00,8337.7577,8385.2846,8385.2846,2025-01-03 11:15:00,take_profit,30.384600000001228,2025-01-03 04:00:00,2025-01,2025-01-03
Step Index,buy,8380.1,1.0,2025-01-03 19:00:00,8369.926749999999,8400.146500000003,8369.926749999999,2025-01-03 19:45:00,stop_loss,-10.173250000001644,2025-01-03 18:45:00,2025-01,2025-01-03
Step Index,buy,8377.3,1.0,2025-01-03 19:15:00,8369.926749999999,8400.146500000003,8369.926749999999,2025-01-03 19:45:00,stop_loss,-7.373250000000553,2025-01-03 19:00:00,2025-01,2025-01-03
Step Index,sell,8383.5,1.0,2025-01-03 14:30:00,8396.1919,8358.416200000001,8358.416200000001,2025-01-04 00:00:00,take_profit,25.08379999999852,2025-01-03 14:15:00,2025-01,2025-01-04
Step Index,sell,8383.7,1.0,2025-01-03 14:45:00,8396.1919,8358.416200000001,8358.416200000001,2025-01-04 00:00:00,take_profit,25.283799999999246,2025-01-03 14:30:00,2025-01,2025-01-04
Step Index,sell,8381.7,1.0,2025-01-03 15:00:00,8394.2919,8356.2162,8356.2162,2025-01-04 00:00:00,take_profit,25.483799999999974,2025-01-03 14:45:00,2025-01,2025-01-04
Step Index,sell,8380.7,1.0,2025-01-03 15:15:00,8394.2919,8356.2162,8356.2162,2025-01-04 00:00:00,take_profit,24.483799999999974,2025-01-03 15:00:00,2025-01,2025-01-04
Step Index,sell,8383.5,1.0,2025-01-03 12:15:00,8397.8919,8348.416199999998,8348.416199999998,2025-01-04 05:30:00,take_profit,35.08380000000216,2025-01-03 12:00:00,2025-01,2025-01-04
Step Index,sell,8371.5,1.0,2025-01-03 17:00:00,8383.78211,8346.635779999999,8346.635779999999,2025-01-04 05:30:00,take_profit,24.864220000001296,2025-01-03 16:45:00,2025-01,2025-01-04
Step Index,sell,8374.5,1.0,2025-01-03 17:15:00,8383.78211,8346.635779999999,8346.635779999999,2025-01-04 05:30:00,take_profit,27.864220000001296,2025-01-03 17:00:00,2025-01,2025-01-04
Step Index,sell,8371.9,1.0,2025-01-03 21:15:00,8384.17766,8347.644680000001,8347.644680000001,2025-01-04 05:30:00,take_profit,24.25531999999839,2025-01-03 21:00:00,2025-01,2025-01-04
Step Index,sell,8369.3,1.0,2025-01-03 21:30:00,8384.17766,8347.644680000001,8347.644680000001,2025-01-04 05:30:00,take_profit,21.655319999998028,2025-01-03 21:15:00,2025-01,2025-01-04
Step Index,sell,8363.5,1.0,2025-01-04 11:45:00,8374.772799999999,8341.254400000003,8374.772799999999,2025-01-04 14:15:00,stop_loss,-11.272799999998824,2025-01-04 11:30:00,2025-01,2025-01-04
Step Index,sell,8364.3,1.0,2025-01-04 12:00:00,8374.772799999999,8341.254400000003,8374.772799999999,2025-01-04 14:15:00,stop_loss,-10.472799999999552,2025-01-04 11:45:00,2025-01,2025-01-04
Step Index,buy,8377.3,1.0,2025-01-04 20:45:00,8365.0248,8401.550400000004,8365.0248,2025-01-05 01:30:00,stop_loss,-12.27520000000004,2025-01-04 20:30:00,2025-01,2025-01-05
Step Index,buy,8377.7,1.0,2025-01-04 21:00:00,8365.0248,8401.550400000004,8365.0248,2025-01-05 01:30:00,stop_loss,-12.675200000001496,2025-01-04 20:45:00,2025-01,2025-01-05
Step Index,buy,8379.9,1.0,2025-01-05 04:30:00,8369.72341,8400.553179999999,8369.72341,2025-01-05 06:00:00,stop_loss,-10.176589999999123,2025-01-05 04:15:00,2025-01,2025-01-05
Step Index,buy,8377.5,1.0,2025-01-05 04:45:00,8369.72341,8400.553179999999,8369.72341,2025-01-05 06:00:00,stop_loss,-7.776589999999487,2025-01-05 04:30:00,2025-01,2025-01-05
Step Index,buy,8380.3,1.0,2025-01-05 10:00:00,8368.62143,8403.357140000004,8368.62143,2025-01-05 15:15:00,stop_loss,-11.678570000000036,2025-01-05 09:45:00,2025-01,2025-01-05
Step Index,buy,8372.9,1.0,2025-01-05 10:15:00,8368.6243,8403.351400000003,8368.6243,2025-01-05 15:15:00,stop_loss,-4.275700000000143,2025-01-05 10:00:00,2025-01,2025-01-05
Step Index,buy,8375.5,1.0,2025-01-04 17:00:00,8362.924799999999,8400.350400000001,8362.924799999999,2025-01-05 17:15:00,stop_loss,-12.575200000001132,2025-01-04 16:45:00,2025-01,2025-01-05
Step Index,buy,8371.3,1.0,2025-01-04 17:15:00,8362.924799999999,8400.350400000001,8362.924799999999,2025-01-05 17:15:00,stop_loss,-8.375200000000405,2025-01-04 17:00:00,2025-01,2025-01-05
Step Index,buy,8374.7,1.0,2025-01-04 17:45:00,8363.5248,8397.3504,8363.5248,2025-01-05 17:15:00,stop_loss,-11.175200000001496,2025-01-04 17:30:00,2025-01,2025-01-05
Step Index,buy,8373.1,1.0,2025-01-04 18:00:00,8363.5248,8397.3504,8363.5248,2025-01-05 17:15:00,stop_loss,-9.575200000001132,2025-01-04 17:45:00,2025-01,2025-01-05
Step Index,buy,8377.1,1.0,2025-01-05 00:45:00,8363.82292,8403.354159999999,8363.82292,2025-01-05 17:15:00,stop_loss,-13.277079999999842,2025-01-05 00:30:00,2025-01,2025-01-05
Step Index,buy,8376.1,1.0,2025-01-05 01:00:00,8363.82292,8403.354159999999,8363.82292,2025-01-05 17:15:00,stop_loss,-12.277079999999842,2025-01-05 00:45:00,2025-01,2025-01-05
Step Index,buy,8376.9,1.0,2025-01-05 08:45:00,8364.521429999999,8401.35714,8364.521429999999,2025-01-05 17:15:00,stop_loss,-12.378570000000764,2025-01-05 08:30:00,2025-01,2025-01-05
Step Index,buy,8378.5,1.0,2025-01-05 09:00:00,8364.521429999999,8401.35714,8364.521429999999,2025-01-05 17:15:00,stop_loss,-13.978570000001127,2025-01-05 08:45:00,2025-01,2025-01-05
Step Index,buy,8377.7,1.0,2025-01-05 11:15:00,8366.424299999999,8400.5514,8366.424299999999,2025-01-05 17:15:00,stop_loss,-11.275700000001962,2025-01-05 11:00:00,2025-01,2025-01-05
Step Index,buy,8380.3,1.0,2025-01-05 11:30:00,8366.424299999999,8400.5514,8366.424299999999,2025-01-05 17:15:00,stop_loss,-13.875700000000506,2025-01-05 11:15:00,2025-01,2025-01-05
Step Index,buy,8378.1,1.0,2025-01-05 14:30:00,8367.0243,8399.951400000002,8367.0243,2025-01-05 17:15:00,stop_loss,-11.075700000001234,2025-01-05 14:15:00,2025-01,2025-01-05
Step Index,buy,8372.5,1.0,2025-01-05 14:45:00,8367.0243,8399.951400000002,8367.0243,2025-01-05 17:15:00,stop_loss,-5.47570000000087,2025-01-05 14:30:00,2025-01,2025-01-05
Step Index,buy,8375.5,1.0,2025-01-04 17:30:00,8361.424799999999,8403.950400000003,8361.424799999999,2025-01-05 19:15:00,stop_loss,-14.075200000001132,2025-01-04 17:15:00,2025-01,2025-01-05
Step Index,buy,8377.3,1.0,2025-01-04 18:45:00,8362.5248,8407.1504,8362.5248,2025-01-05 19:15:00,stop_loss,-14.77520000000004,2025-01-04 18:30:00,2025-01,2025-01-05
Step Index,buy,8377.3,1.0,2025-01-04 19:00:00,8362.5248,8407.1504,8362.5248,2025-01-05 19:15:00,stop_loss,-14.77520000000004,2025-01-04 18:45:00,2025-01,2025-01-05
Step Index,buy,8375.7,1.0,2025-01-05 00:30:00,8361.52292,8404.354159999999,8361.52292,2025-01-05 19:15:00,stop_loss,-14.177080000001297,2025-01-05 00:15:00,2025-01,2025-01-05
Step Index,sell,8380.7,1.0,2025-01-05 03:00:00,8393.190799999998,8355.418400000004,8355.418400000004,2025-01-05 19:15:00,take_profit,25.281599999996615,2025-01-05 02:45:00,2025-01,2025-01-05
Step Index,sell,8384.1,1.0,2025-01-05 03:15:00,8393.190799999998,8355.418400000004,8355.418400000004,2025-01-05 19:15:00,take_profit,28.68159999999625,2025-01-05 03:00:00,2025-01,2025-01-05
Step Index,buy,8372.1,1.0,2025-01-05 07:15:00,8361.82163,8392.956740000001,8361.82163,2025-01-05 19:15:00,stop_loss,-10.278369999999995,2025-01-05 07:00:00,2025-01,2025-01-05
Step Index,buy,8370.7,1.0,2025-01-05 07:30:00,8361.82163,8392.956740000001,8361.82163,2025-01-05 19:15:00,stop_loss,-8.87837000000036,2025-01-05 07:15:00,2025-01,2025-01-05
Step Index,buy,8371.9,1.0,2025-01-05 12:15:00,8360.922729999998,8393.554540000001,8360.922729999998,2025-01-05 19:15:00,stop_loss,-10.977270000001226,2025-01-05 12:00:00,2025-01,2025-01-05
Step Index,buy,8373.9,1.0,2025-01-05 12:30:00,8360.922729999998,8393.554540000001,8360.922729999998,2025-01-05 19:15:00,stop_loss,-12.977270000001226,2025-01-05 12:15:00,2025-01,2025-01-05
Step Index,buy,8372.5,1.0,2025-01-05 16:15:00,8361.52261,8394.154779999999,8361.52261,2025-01-05 19:15:00,stop_loss,-10.977390000000014,2025-01-05 16:00:00,2025-01,2025-01-05
Step Index,buy,8374.1,1.0,2025-01-05 16:30:00,8361.52261,8394.154779999999,8361.52261,2025-01-05 19:15:00,stop_loss,-12.577390000000378,2025-01-05 16:15:00,2025-01,2025-01-05
Step Index,sell,8379.1,1.0,2025-01-05 03:45:00,8393.690799999998,8349.618400000003,8349.618400000003,2025-01-05 19:30:00,take_profit,29.481599999997343,2025-01-05 03:30:00,2025-01,2025-01-05
Step Index,sell,8377.9,1.0,2025-01-05 04:00:00,8393.690799999998,8349.618400000003,8349.618400000003,2025-01-05 19:30:00,take_profit,28.281599999996615,2025-01-05 03:45:00,2025-01,2025-01-05
Step Index,buy,8377.0,1.0,2025-01-08 04:00:00,8363.5243,8403.6514,8363.5243,2025-01-08 06:00:00,stop_loss,-13.47570000000087,2025-01-08 03:45:00,2025-01,2025-01-08
Step Index,buy,8374.2,1.0,2025-01-08 04:15:00,8363.5243,8403.6514,8363.5243,2025-01-08 06:00:00,stop_loss,-10.675700000001598,2025-01-08 04:00:00,2025-01,2025-01-08
Step Index,buy,8390.0,1.0,2025-01-08 11:15:00,8377.2209,8415.258199999998,8377.2209,2025-01-08 16:45:00,stop_loss,-12.779099999999744,2025-01-08 11:00:00,2025-01,2025-01-08
Step Index,buy,8386.6,1.0,2025-01-08 11:30:00,8377.2209,8415.258199999998,8377.2209,2025-01-08 16:45:00,stop_loss,-9.379100000000108,2025-01-08 11:15:00,2025-01,2025-01-08
Step Index,buy,8385.4,1.0,2025-01-08 16:15:00,8374.61243,8407.275140000002,8374.61243,2025-01-08 17:00:00,stop_loss,-10.787570000000414,2025-01-08 16:00:00,2025-01,2025-01-08
Step Index,buy,8384.4,1.0,2025-01-08 16:30:00,8374.61243,8407.275140000002,8374.61243,2025-01-08 17:00:00,stop_loss,-9.787570000000414,2025-01-08 16:15:00,2025-01,2025-01-08
Step Index,buy,8392.6,1.0,2025-01-08 23:15:00,8380.0152,8417.4696,8417.4696,2025-01-09 09:30:00,take_profit,24.86959999999999,2025-01-08 23:00:00,2025-01,2025-01-09
Step Index,buy,8391.4,1.0,2025-01-08 23:30:00,8380.0152,8417.4696,8417.4696,2025-01-09 09:30:00,take_profit,26.06960000000072,2025-01-08 23:15:00,2025-01,2025-01-09
Step Index,buy,8397.0,1.0,2025-01-09 01:45:00,8386.011999999999,8418.676000000001,8418.676000000001,2025-01-09 09:45:00,take_profit,21.676000000001295,2025-01-09 01:30:00,2025-01,2025-01-09
Step Index,buy,8396.0,1.0,2025-01-09 02:00:00,8386.011999999999,8418.676000000001,8418.676000000001,2025-01-09 09:45:00,take_profit,22.676000000001295,2025-01-09 01:45:00,2025-01,2025-01-09
Step Index,buy,8398.2,1.0,2025-01-09 02:45:00,8385.507,8423.885999999999,8423.885999999999,2025-01-09 10:45:00,take_profit,25.685999999997875,2025-01-09 02:30:00,2025-01,2025-01-09
Step Index,buy,8397.8,1.0,2025-01-09 03:00:00,8385.507,8423.885999999999,8423.885999999999,2025-01-09 10:45:00,take_profit,26.08599999999933,2025-01-09 02:45:00,2025-01,2025-01-09
Step Index,buy,8399.2,1.0,2025-01-09 03:15:00,8387.707,8422.485999999997,8422.485999999997,2025-01-09 10:45:00,take_profit,23.28599999999642,2025-01-09 03:00:00,2025-01,2025-01-09
Step Index,buy,8397.2,1.0,2025-01-09 03:30:00,8387.707,8422.485999999997,8422.485999999997,2025-01-09 10:45:00,take_profit,25.28599999999642,2025-01-09 03:15:00,2025-01,2025-01-09
Step Index,buy,8398.0,1.0,2025-01-09 04:15:00,8385.40223,8423.495540000002,8423.495540000002,2025-01-09 10:45:00,take_profit,25.49554000000171,2025-01-09 04:00:00,2025-01,2025-01-09
Step Index,buy,8404.6,1.0,2025-01-09 04:30:00,8385.40223,8423.495540000002,8423.495540000002,2025-01-09 10:45:00,take_profit,18.895540000001347,2025-01-09 04:15:00,2025-01,2025-01-09
Step Index,buy,8403.0,1.0,2025-01-09 07:30:00,8392.10366,8425.09268,8425.09268,2025-01-09 11:00:00,take_profit,22.092679999999746,2025-01-09 07:15:00,2025-01,2025-01-09
Step Index,buy,8402.6,1.0,2025-01-09 07:45:00,8392.10366,8425.09268,8425.09268,2025-01-09 11:00:00,take_profit,22.492679999999382,2025-01-09 07:30:00,2025-01,2025-01-09
Step Index,buy,8413.2,1.0,2025-01-09 13:15:00,8399.696670000001,8440.506659999995,8399.696670000001,2025-01-09 14:15:00,stop_loss,-13.50332999999955,2025-01-09 13:00:00,2025-01,2025-01-09
Step Index,buy,8410.6,1.0,2025-01-09 13:30:00,8399.696670000001,8440.506659999995,8399.696670000001,2025-01-09 14:15:00,stop_loss,-10.903329999999187,2025-01-09 13:15:00,2025-01,2025-01-09
Step Index,buy,8420.8,1.0,2025-01-10 17:15:00,8406.5873,8449.5254,8406.5873,2025-01-10 19:30:00,stop_loss,-14.21270000000004,2025-01-10 17:00:00,2025-01,2025-01-10
Step Index,buy,8416.8,1.0,2025-01-10 17:30:00,8406.5873,8449.5254,8406.5873,2025-01-10 19:30:00,stop_loss,-10.21270000000004,2025-01-10 17:15:00,2025-01,2025-01-10
Step Index,buy,8419.6,1.0,2025-01-10 18:00:00,8407.1873,8444.725400000003,8407.1873,2025-01-10 19:30:00,stop_loss,-12.412700000000768,2025-01-10 17:45:00,2025-01,2025-01-10
Step Index,buy,8414.4,1.0,2025-01-10 18:15:00,8407.18331,8444.733380000001,8407.18331,2025-01-10 19:30:00,stop_loss,-7.216689999999289,2025-01-10 18:00:00,2025-01,2025-01-10
Step Index,buy,8415.2,1.0,2025-01-10 18:30:00,8402.38331,8440.533380000003,8402.38331,2025-01-10 19:30:00,stop_loss,-12.816690000001472,2025-01-10 18:15:00,2025-01,2025-01-10
Step Index,buy,8419.6,1.0,2025-01-10 18:45:00,8406.08331,8446.933380000002,8406.08331,2025-01-10 19:30:00,stop_loss,-13.51669000000038,2025-01-10 18:30:00,2025-01,2025-01-10
Step Index,buy,8415.6,1.0,2025-01-10 19:00:00,8406.08331,8446.933380000002,8406.08331,2025-01-10 19:30:00,stop_loss,-9.51669000000038,2025-01-10 18:45:00,2025-01,2025-01-10
Step Index,buy,8410.8,1.0,2025-01-10 06:30:00,8398.2873,8435.525400000002,8398.2873,2025-01-10 22:15:00,stop_loss,-12.512699999999313,2025-01-10 06:15:00,2025-01,2025-01-10
Step Index,buy,8410.4,1.0,2025-01-10 06:45:00,8398.2873,8435.525400000002,8398.2873,2025-01-10 22:15:00,stop_loss,-12.112699999999677,2025-01-10 06:30:00,2025-01,2025-01-10
Step Index,buy,8410.2,1.0,2025-01-10 07:30:00,8399.2873,8431.725400000001,8399.2873,2025-01-10 22:15:00,stop_loss,-10.912700000000768,2025-01-10 07:15:00,2025-01,2025-01-10
Step Index,buy,8408.2,1.0,2025-01-10 07:45:00,8399.2873,8431.725400000001,8399.2873,2025-01-10 22:15:00,stop_loss,-8.912700000000768,2025-01-10 07:30:00,2025-01,2025-01-10
Step Index,buy,8408.0,1.0,2025-01-10 12:30:00,8397.0873,8430.125400000003,8397.0873,2025-01-10 22:15:00,stop_loss,-10.912700000000768,2025-01-10 12:15:00,2025-01,2025-01-10
Step Index,buy,8407.6,1.0,2025-01-10 12:45:00,8397.0873,8430.125400000003,8397.0873,2025-01-10 22:15:00,stop_loss,-10.512700000001132,2025-01-10 12:30:00,2025-01,2025-01-10
Step Index,buy,8407.2,1.0,2025-01-10 02:30:00,8394.6031,8432.0938,8394.6031,2025-01-10 22:30:00,stop_loss,-12.59690000000046,2025-01-10 02:15:00,2025-01,2025-01-10
Step Index,buy,8403.0,1.0,2025-01-10 02:45:00,8394.6031,8432.0938,8394.6031,2025-01-10 22:30:00,stop_loss,-8.396899999999732,2025-01-10 02:30:00,2025-01,2025-01-10
Step Index,buy,8404.0,1.0,2025-01-10 03:15:00,8393.6031,8425.0938,8393.6031,2025-01-11 04:30:00,stop_loss,-10.396899999999732,2025-01-10 03:00:00,2025-01,2025-01-11
Step Index,buy,8409.6,1.0,2025-01-10 03:30:00,8393.6031,8425.0938,8393.6031,2025-01-11 04:30:00,stop_loss,-15.996900000000096,2025-01-10 03:15:00,2025-01,2025-01-11
Step Index,buy,8420.6,1.0,2025-01-11 23:45:00,8406.6873,8448.725400000003,8406.6873,2025-01-12 02:30:00,stop_loss,-13.912700000000768,2025-01-11 23:30:00,2025-01,2025-01-12
Step Index,buy,8416.2,1.0,2025-01-12 00:00:00,8406.6873,8448.725400000003,8406.6873,2025-01-12 02:30:00,stop_loss,-9.512700000001132,2025-01-11 23:45:00,2025-01,2025-01-12
Step Index,buy,8413.0,1.0,2025-01-11 22:45:00,8403.487299999999,8431.725400000001,8403.487299999999,2025-01-12 02:45:00,stop_loss,-9.512700000001132,2025-01-11 22:30:00,2025-01,2025-01-12
Step Index,buy,8413.2,1.0,2025-01-11 23:00:00,8403.487299999999,8431.725400000001,8403.487299999999,2025-01-12 02:45:00,stop_loss,-9.71270000000186,2025-01-11 22:45:00,2025-01,2025-01-12
Step Index,buy,8413.6,1.0,2025-01-11 18:30:00,8399.387299999999,8441.725400000003,8399.387299999999,2025-01-12 03:00:00,stop_loss,-14.21270000000186,2025-01-11 18:15:00,2025-01,2025-01-12
Step Index,buy,8410.4,1.0,2025-01-11 18:45:00,8399.387299999999,8441.725400000003,8399.387299999999,2025-01-12 03:00:00,stop_loss,-11.012700000001132,2025-01-11 18:30:00,2025-01,2025-01-12
Step Index,buy,8412.4,1.0,2025-01-11 21:30:00,8398.0873,8441.325400000002,8398.0873,2025-01-12 03:00:00,stop_loss,-14.312700000000405,2025-01-11 21:15:00,2025-01,2025-01-12
Step Index,buy,8412.2,1.0,2025-01-11 21:45:00,8398.0873,8441.325400000002,8398.0873,2025-01-12 03:00:00,stop_loss,-14.112700000001496,2025-01-11 21:30:00,2025-01,2025-01-12
Step Index,buy,8419.8,1.0,2025-01-13 02:15:00,8408.47821,8442.143580000004,8408.47821,2025-01-13 05:15:00,stop_loss,-11.321789999999964,2025-01-13 02:00:00,2025-01,2025-01-13
Step Index,buy,8419.0,1.0,2025-01-13 02:30:00,8408.47821,8442.143580000004,8408.47821,2025-01-13 05:15:00,stop_loss,-10.521790000000692,2025-01-13 02:15:00,2025-01,2025-01-13
Step Index,buy,8415.2,1.0,2025-01-13 05:00:00,8404.2801,8436.739800000001,8404.2801,2025-01-13 06:00:00,stop_loss,-10.91990000000078,2025-01-13 04:45:00,2025-01,2025-01-13
Step Index,buy,8411.6,1.0,2025-01-13 05:15:00,8404.2801,8436.739800000001,8404.2801,2025-01-13 06:00:00,stop_loss,-7.319900000000416,2025-01-13 05:00:00,2025-01,2025-01-13
Step Index,buy,8414.6,1.0,2025-01-13 15:00:00,8403.6801,8436.739800000003,8403.6801,2025-01-13 16:30:00,stop_loss,-10.91990000000078,2025-01-13 14:45:00,2025-01,2025-01-13
Step Index,buy,8414.8,1.0,2025-01-13 15:15:00,8403.6801,8436.739800000003,8403.6801,2025-01-13 16:30:00,stop_loss,-11.119899999999689,2025-01-13 15:00:00,2025-01,2025-01-13
Step Index,buy,8414.8,0.01,2025-01-15 23:45:00,8404.2801,8436.139799999999,8404.2801,2025-01-16 02:30:00,stop_loss,-0.10519899999999326,2025-01-15 23:30:00,2025-01,2025-01-16
Step Index,buy,8416.8,0.01,2025-01-16 00:00:00,8404.2801,8436.139799999999,8404.2801,2025-01-16 02:30:00,stop_loss,-0.12519899999999326,2025-01-15 23:45:00,2025-01,2025-01-16
Step Index,sell,8313.4,0.01,2025-01-27 08:45:00,8325.1201,8289.659799999998,8325.1201,2025-01-27 09:00:00,stop_loss,-0.11720100000000457,2025-01-27 08:30:00,2025-01,2025-01-27
Step Index,sell,8317.0,0.01,2025-01-27 09:00:00,8325.1201,8289.659799999998,8325.1201,2025-01-27 09:00:00,stop_loss,-0.08120100000000094,2025-01-27 08:45:00,2025-01,2025-01-27
Step Index,sell,8315.8,0.01,2025-01-27 08:00:00,8327.920100000001,8291.859799999997,8327.920100000001,2025-01-27 10:15:00,stop_loss,-0.12120100000001913,2025-01-27 07:45:00,2025-01,2025-01-27
Step Index,sell,8315.2,0.01,2025-01-27 08:15:00,8327.920100000001,8291.859799999997,8327.920100000001,2025-01-27 10:15:00,stop_loss,-0.12720100000000456,2025-01-27 08:00:00,2025-01,2025-01-27
Step Index,sell,8320.0,0.01,2025-01-27 06:45:00,8332.6201,8294.459799999999,8332.6201,2025-01-27 10:30:00,stop_loss,-0.12620100000000092,2025-01-27 06:30:00,2025-01,2025-01-27
Step Index,sell,8323.6,0.01,2025-01-27 07:00:00,8332.6201,8294.459799999999,8332.6201,2025-01-27 10:30:00,stop_loss,-0.0902009999999973,2025-01-27 06:45:00,2025-01,2025-01-27
Step Index,sell,8324.2,0.01,2025-01-27 07:15:00,8335.020100000002,8302.859799999995,8335.020100000002,2025-01-27 10:45:00,stop_loss,-0.10820100000000821,2025-01-27 07:00:00,2025-01,2025-01-27
Step Index,sell,8320.8,0.01,2025-01-27 07:30:00,8333.3201,8295.4598,8333.3201,2025-01-27 10:45:00,stop_loss,-0.1252010000000155,2025-01-27 07:15:00,2025-01,2025-01-27
Step Index,sell,8317.0,0.01,2025-01-27 07:45:00,8333.3201,8295.4598,8333.3201,2025-01-27 10:45:00,stop_loss,-0.1632010000000082,2025-01-27 07:30:00,2025-01,2025-01-27
Step Index,sell,8313.4,0.01,2025-01-27 21:00:00,8329.7201,8280.459799999997,8329.7201,2025-01-27 22:30:00,stop_loss,-0.1632010000000082,2025-01-27 20:45:00,2025-01,2025-01-27
Step Index,sell,8313.0,0.01,2025-01-27 21:15:00,8329.7201,8280.459799999997,8329.7201,2025-01-27 22:30:00,stop_loss,-0.16720100000000457,2025-01-27 21:00:00,2025-01,2025-01-27
Step Index,sell,8308.4,0.01,2025-01-28 06:30:00,8320.41008,8284.079839999999,8320.41008,2025-01-28 09:30:00,stop_loss,-0.12010080000000016,2025-01-28 06:15:00,2025-01,2025-01-28
Step Index,sell,8308.0,0.01,2025-01-28 06:45:00,8320.41008,8284.079839999999,8320.41008,2025-01-28 09:30:00,stop_loss,-0.12410079999999653,2025-01-28 06:30:00,2025-01,2025-01-28
Step Index,sell,8309.0,0.01,2025-01-28 07:15:00,8319.41008,8287.87984,8319.41008,2025-01-28 09:30:00,stop_loss,-0.10410079999999652,2025-01-28 07:00:00,2025-01,2025-01-28
Step Index,sell,8306.2,0.01,2025-01-28 07:30:00,8317.41008,8284.079839999999,8317.41008,2025-01-28 09:30:00,stop_loss,-0.11210079999998925,2025-01-28 07:15:00,2025-01,2025-01-28
Step Index,sell,8306.6,0.01,2025-01-28 07:45:00,8317.41008,8284.079839999999,8317.41008,2025-01-28 09:30:00,stop_loss,-0.10810079999999289,2025-01-28 07:30:00,2025-01,2025-01-28
Step Index,sell,8309.4,0.01,2025-01-28 04:00:00,8322.612809999999,8282.67438,8322.612809999999,2025-01-28 11:30:00,stop_loss,-0.1321280999999908,2025-01-28 03:45:00,2025-01,2025-01-28
Step Index,sell,8309.8,0.01,2025-01-28 04:15:00,8322.61897,8282.662059999999,8322.61897,2025-01-28 11:30:00,stop_loss,-0.12818970000000263,2025-01-28 04:00:00,2025-01,2025-01-28
Step Index,sell,8311.2,0.01,2025-01-28 10:45:00,8324.40903,8285.081939999996,8324.40903,2025-01-28 11:45:00,stop_loss,-0.13209029999999986,2025-01-28 10:30:00,2025-01,2025-01-28
Step Index,sell,8315.6,0.01,2025-01-28 11:00:00,8324.40903,8285.081939999996,8324.40903,2025-01-28 11:45:00,stop_loss,-0.08809030000000348,2025-01-28 10:45:00,2025-01,2025-01-28
Step Index,sell,8310.6,0.01,2025-01-28 01:00:00,8328.71312,8274.07376,8328.71312,2025-01-28 13:30:00,stop_loss,-0.1811311999999998,2025-01-28 00:45:00,2025-01,2025-01-28
Step Index,sell,8312.2,0.01,2025-01-28 01:15:00,8328.71312,8274.07376,8328.71312,2025-01-28 13:30:00,stop_loss,-0.16513119999999618,2025-01-28 01:00:00,2025-01,2025-01-28
Step Index,sell,8318.0,0.01,2025-01-28 01:45:00,8328.913120000001,8295.873759999997,8328.913120000001,2025-01-28 13:30:00,stop_loss,-0.10913120000001073,2025-01-28 01:30:00,2025-01,2025-01-28
Step Index,sell,8320.4,0.01,2025-01-28 02:00:00,8328.913120000001,8295.873759999997,8328.913120000001,2025-01-28 13:30:00,stop_loss,-0.08513120000001437,2025-01-28 01:45:00,2025-01,2025-01-28
Step Index,sell,8320.2,0.01,2025-01-27 19:30:00,8336.1201,8288.0598,8336.1201,2025-01-28 14:45:00,stop_loss,-0.15920099999999365,2025-01-27 19:15:00,2025-01,2025-01-28
Step Index,sell,8318.6,0.01,2025-01-27 19:45:00,8336.1201,8288.0598,8336.1201,2025-01-28 14:45:00,stop_loss,-0.1752009999999973,2025-01-27 19:30:00,2025-01,2025-01-28
Step Index,buy,8416.0,0.01,2025-01-30 17:15:00,8404.0801,8440.139800000003,8440.139800000003,2025-01-30 22:30:00,take_profit,0.2413980000000265,2025-01-30 17:00:00,2025-01,2025-01-30
Step Index,buy,8416.0,0.01,2025-01-30 17:30:00,8404.0801,8440.139800000003,8440.139800000003,2025-01-30 22:30:00,take_profit,0.2413980000000265,2025-01-30 17:15:00,2025-01,2025-01-30
Step Index,buy,8423.0,0.01,2025-01-30 18:30:00,8410.880099999998,8447.539800000004,8438.5,2025-01-30 23:00:00,end,0.155,2025-01-30 18:15:00,2025-01,2025-01-30
Step Index,buy,8422.0,0.01,2025-01-30 18:45:00,8410.880099999998,8447.539800000004,8438.5,2025-01-30 23:00:00,end,0.165,2025-01-30 18:30:00,2025-01,2025-01-30
Step Index,buy,8421.0,0.01,2025-01-30 20:30:00,8407.77801,8447.143979999999,8438.5,2025-01-30 23:00:00,end,0.17500000000000002,2025-01-30 20:15:00,2025-01,2025-01-30
Step Index,buy,8423.2,0.01,2025-01-30 20:45:00,8407.77801,8447.143979999999,8438.5,2025-01-30 23:00:00,end,0.15299999999999273,2025-01-30 20:30:00,2025-01,2025-01-30
