datetime,open,high,low,close,tick_volume,spread,real_volume,volume
2024-12-31 23:00:00,102811.0,102838.0,102795.0,102796.0,3600,10,0,3600
2025-01-01 00:00:00,102795.0,102838.0,102795.0,102796.0,3600,10,0,3600
2025-01-01 01:00:00,102795.0,102838.0,102795.0,102836.0,3600,10,0,3600
2025-01-01 02:00:00,102837.0,102838.0,102795.0,102804.0,3600,10,0,3600
2025-01-01 03:00:00,102803.0,103119.0,102795.0,103118.0,3600,10,0,3600
2025-01-01 04:00:00,103119.0,103119.0,103084.0,103112.0,3600,10,0,3600
2025-01-01 05:00:00,103113.0,103464.0,103084.0,103456.0,3600,10,0,3600
2025-01-01 06:00:00,103455.0,103464.0,103390.0,103462.0,3600,10,0,3600
2025-01-01 07:00:00,103463.0,103464.0,103413.0,103426.0,3600,10,0,3600
2025-01-01 08:00:00,103425.0,103445.0,103241.0,103262.0,3600,10,0,3600
2025-01-01 09:00:00,103261.0,103310.0,103258.0,103302.0,3600,10,0,3600
2025-01-01 10:00:00,103303.0,103310.0,103241.0,103272.0,3600,10,0,3600
2025-01-01 11:00:00,103271.0,103294.0,103241.0,103292.0,3600,10,0,3600
2025-01-01 12:00:00,103291.0,103403.0,103275.0,103384.0,3600,10,0,3600
2025-01-01 13:00:00,103383.0,103403.0,103376.0,103388.0,3600,10,0,3600
2025-01-01 14:00:00,103389.0,103543.0,103376.0,103499.0,3600,10,0,3600
2025-01-01 15:00:00,103498.0,103525.0,103463.0,103497.0,3600,10,0,3600
2025-01-01 16:00:00,103496.0,103531.0,103470.0,103487.0,3600,10,0,3600
2025-01-01 17:00:00,103488.0,103527.0,103463.0,103519.0,3600,10,0,3600
2025-01-01 18:00:00,103520.0,103543.0,103463.0,103505.0,3600,10,0,3600
2025-01-01 19:00:00,103506.0,103541.0,103475.0,103517.0,3600,10,0,3600
2025-01-01 20:00:00,103516.0,103540.0,103463.0,103507.0,3600,10,0,3600
2025-01-01 21:00:00,103508.0,103511.0,103365.0,103382.0,3600,10,0,3600
2025-01-01 22:00:00,103381.0,103429.0,103365.0,103424.0,3600,10,0,3600
2025-01-01 23:00:00,103425.0,103429.0,103095.0,103133.0,3600,10,0,3600
2025-01-02 00:00:00,103132.0,103139.0,103095.0,103123.0,3600,10,0,3600
2025-01-02 01:00:00,103122.0,103139.0,103105.0,103135.0,3600,10,0,3600
2025-01-02 02:00:00,103134.0,103139.0,103095.0,103137.0,3600,10,0,3600
2025-01-02 03:00:00,103138.0,103139.0,103095.0,103095.0,3600,10,0,3600
2025-01-02 04:00:00,103096.0,103139.0,103095.0,103113.0,3600,10,0,3600
2025-01-02 05:00:00,103114.0,103139.0,103095.0,103119.0,3600,10,0,3600
2025-01-02 06:00:00,103120.0,103139.0,103095.0,103109.0,3600,10,0,3600
2025-01-02 07:00:00,103110.0,103133.0,103095.0,103109.0,3600,10,0,3600
2025-01-02 08:00:00,103108.0,103134.0,103095.0,103099.0,3600,10,0,3600
2025-01-02 09:00:00,103098.0,103139.0,103095.0,103131.0,3600,10,0,3600
2025-01-02 10:00:00,103132.0,103139.0,102922.0,102967.0,3600,10,0,3600
2025-01-02 11:00:00,102968.0,103291.0,102958.0,103283.0,3590,10,0,3590
2025-01-02 12:00:00,103284.0,103291.0,103029.0,103103.0,3600,10,0,3600
2025-01-02 13:00:00,103102.0,103105.0,103055.0,103083.0,3600,10,0,3600
2025-01-02 14:00:00,103084.0,103099.0,103029.0,103051.0,3600,10,0,3600
2025-01-02 15:00:00,103050.0,103105.0,103049.0,103063.0,3600,10,0,3600
2025-01-02 16:00:00,103062.0,103103.0,103029.0,103043.0,3600,10,0,3600
2025-01-02 17:00:00,103044.0,103105.0,103033.0,103077.0,3600,10,0,3600
2025-01-02 18:00:00,103078.0,103105.0,103029.0,103083.0,3600,10,0,3600
2025-01-02 19:00:00,103084.0,103105.0,103057.0,103091.0,3600,10,0,3600
2025-01-02 20:00:00,103090.0,103303.0,103060.0,103274.0,3600,10,0,3600
2025-01-02 21:00:00,103275.0,103303.0,102985.0,102993.0,3600,10,0,3600
2025-01-02 22:00:00,102992.0,103024.0,102985.0,102995.0,3600,10,0,3600
2025-01-02 23:00:00,102994.0,103024.0,102985.0,103009.0,3600,10,0,3600
2025-01-03 00:00:00,103010.0,103024.0,102985.0,103009.0,3600,10,0,3600
2025-01-03 01:00:00,103008.0,103024.0,102985.0,102991.0,3600,10,0,3600
2025-01-03 02:00:00,102990.0,103024.0,102885.0,102896.0,3600,10,0,3600
2025-01-03 03:00:00,102897.0,103072.0,102885.0,103067.0,3600,10,0,3600
2025-01-03 04:00:00,103066.0,103072.0,103040.0,103051.0,3600,10,0,3600
2025-01-03 05:00:00,103052.0,103072.0,103040.0,103049.0,3600,10,0,3600
2025-01-03 06:00:00,103048.0,103072.0,103040.0,103067.0,3600,10,0,3600
2025-01-03 07:00:00,103068.0,103072.0,103040.0,103049.0,3600,10,0,3600
2025-01-03 08:00:00,103050.0,103072.0,103040.0,103049.0,3600,10,0,3600
2025-01-03 09:00:00,103048.0,103072.0,103040.0,103055.0,3600,10,0,3600
2025-01-03 10:00:00,103054.0,103072.0,103040.0,103063.0,3600,10,0,3600
2025-01-03 11:00:00,103062.0,103072.0,103040.0,103041.0,3600,10,0,3600
2025-01-03 12:00:00,103042.0,103072.0,103040.0,103043.0,3600,10,0,3600
2025-01-03 13:00:00,103042.0,103072.0,103040.0,103051.0,3600,10,0,3600
2025-01-03 14:00:00,103050.0,103072.0,103040.0,103067.0,3600,10,0,3600
2025-01-03 15:00:00,103066.0,103072.0,103040.0,103063.0,3600,10,0,3600
2025-01-03 16:00:00,103062.0,103072.0,102686.0,102720.0,3600,10,0,3600
2025-01-03 17:00:00,102721.0,102724.0,102252.0,102276.0,3600,10,0,3600
2025-01-03 18:00:00,102275.0,102308.0,102252.0,102258.0,3600,10,0,3600
2025-01-03 19:00:00,102257.0,102308.0,102252.0,102304.0,3600,10,0,3600
2025-01-03 20:00:00,102305.0,102308.0,102256.0,102272.0,3600,10,0,3600
2025-01-03 21:00:00,102271.0,102588.0,102262.0,102519.0,3600,10,0,3600
2025-01-03 22:00:00,102520.0,102546.0,102503.0,102523.0,3600,10,0,3600
2025-01-03 23:00:00,102522.0,102588.0,102515.0,102585.0,3600,10,0,3600
2025-01-04 00:00:00,102584.0,102588.0,102548.0,102551.0,3600,10,0,3600
2025-01-04 01:00:00,102550.0,102551.0,102503.0,102511.0,3600,10,0,3600
2025-01-04 02:00:00,102512.0,102569.0,102503.0,102563.0,3600,10,0,3600
2025-01-04 03:00:00,102562.0,102585.0,102521.0,102565.0,3600,10,0,3600
2025-01-04 04:00:00,102564.0,102588.0,102524.0,102525.0,3600,10,0,3600
2025-01-04 05:00:00,102524.0,102577.0,102503.0,102577.0,3600,10,0,3600
2025-01-04 06:00:00,102578.0,102588.0,102515.0,102573.0,3600,10,0,3600
2025-01-04 07:00:00,102572.0,102588.0,102538.0,102581.0,3600,10,0,3600
2025-01-04 08:00:00,102580.0,102588.0,102503.0,102579.0,3600,10,0,3600
2025-01-04 09:00:00,102578.0,102801.0,102552.0,102739.0,3600,10,0,3600
2025-01-04 10:00:00,102738.0,102749.0,102441.0,102465.0,3600,10,0,3600
2025-01-04 11:00:00,102466.0,102482.0,102441.0,102463.0,3600,10,0,3600
2025-01-04 12:00:00,102464.0,102649.0,102457.0,102639.0,3600,10,0,3600
2025-01-04 13:00:00,102638.0,102649.0,102606.0,102617.0,3600,10,0,3600
2025-01-04 14:00:00,102616.0,102649.0,102606.0,102641.0,3600,10,0,3600
2025-01-04 15:00:00,102642.0,102649.0,102606.0,102619.0,3600,10,0,3600
2025-01-04 16:00:00,102618.0,102649.0,102606.0,102609.0,3600,10,0,3600
2025-01-04 17:00:00,102610.0,102645.0,102606.0,102633.0,3600,10,0,3600
2025-01-04 18:00:00,102632.0,102902.0,102630.0,102891.0,3600,10,0,3600
2025-01-04 19:00:00,102892.0,102902.0,102792.0,102827.0,3600,10,0,3600
2025-01-04 20:00:00,102828.0,102844.0,102792.0,102803.0,3600,10,0,3600
2025-01-04 21:00:00,102804.0,102826.0,102628.0,102662.0,3600,10,0,3600
2025-01-04 22:00:00,102663.0,102699.0,102628.0,102682.0,3600,10,0,3600
2025-01-04 23:00:00,102681.0,102699.0,102636.0,102658.0,3600,10,0,3600
2025-01-05 00:00:00,102659.0,102878.0,102628.0,102822.0,3600,10,0,3600
2025-01-05 01:00:00,102823.0,102990.0,102814.0,102963.0,3600,10,0,3600
2025-01-05 02:00:00,102962.0,102990.0,102951.0,102955.0,3600,10,0,3600
2025-01-05 03:00:00,102954.0,102990.0,102951.0,102961.0,3600,10,0,3600
2025-01-05 04:00:00,102962.0,102990.0,102951.0,102975.0,3600,10,0,3600
2025-01-05 05:00:00,102976.0,102990.0,102778.0,102821.0,3600,10,0,3600
2025-01-05 06:00:00,102820.0,102833.0,102788.0,102825.0,3600,10,0,3600
2025-01-05 07:00:00,102826.0,102833.0,102778.0,102799.0,3600,10,0,3600
2025-01-05 08:00:00,102798.0,102818.0,102688.0,102720.0,3600,10,0,3600
2025-01-05 09:00:00,102721.0,102728.0,102688.0,102696.0,3600,10,0,3600
2025-01-05 10:00:00,102697.0,102707.0,102405.0,102410.0,3600,10,0,3600
2025-01-05 11:00:00,102409.0,102452.0,102405.0,102406.0,3600,10,0,3600
2025-01-05 12:00:00,102407.0,102407.0,102203.0,102239.0,3600,10,0,3600
2025-01-05 13:00:00,102238.0,102256.0,101848.0,101857.0,3600,10,0,3600
2025-01-05 14:00:00,101856.0,101875.0,101848.0,101869.0,3600,10,0,3600
2025-01-05 15:00:00,101868.0,101875.0,101848.0,101873.0,3600,10,0,3600
2025-01-05 16:00:00,101874.0,101875.0,101848.0,101851.0,3600,10,0,3600
2025-01-05 17:00:00,101852.0,101875.0,101651.0,101679.0,3600,10,0,3600
2025-01-05 18:00:00,101678.0,101691.0,101651.0,101681.0,3600,10,0,3600
2025-01-05 19:00:00,101682.0,101997.0,101668.0,101968.0,3600,10,0,3600
2025-01-05 20:00:00,101969.0,101997.0,101951.0,101990.0,3600,10,0,3600
2025-01-05 21:00:00,101991.0,101997.0,101951.0,101960.0,3600,10,0,3600
2025-01-05 22:00:00,101959.0,101997.0,101951.0,101970.0,3600,10,0,3600
2025-01-05 23:00:00,101969.0,101997.0,101951.0,101962.0,3600,10,0,3600
2025-01-06 00:00:00,101961.0,101989.0,101951.0,101970.0,3600,10,0,3600
2025-01-06 01:00:00,101969.0,101997.0,101951.0,101959.0,3597,10,0,3597
2025-01-06 02:00:00,101958.0,101997.0,101951.0,101965.0,3600,10,0,3600
2025-01-06 03:00:00,101964.0,101997.0,101951.0,101975.0,3600,10,0,3600
2025-01-06 04:00:00,101974.0,101992.0,101951.0,101987.0,3600,10,0,3600
2025-01-06 05:00:00,101986.0,102107.0,101951.0,102082.0,3600,10,0,3600
2025-01-06 06:00:00,102083.0,102107.0,102074.0,102096.0,3600,10,0,3600
2025-01-06 07:00:00,102097.0,102107.0,102074.0,102074.0,3600,10,0,3600
2025-01-06 08:00:00,102075.0,102107.0,102074.0,102106.0,3600,10,0,3600
2025-01-06 09:00:00,102105.0,102107.0,102074.0,102074.0,3600,10,0,3600
2025-01-06 10:00:00,102075.0,102103.0,101664.0,101667.0,3600,10,0,3600
2025-01-06 11:00:00,101666.0,101702.0,101664.0,101679.0,3600,10,0,3600
2025-01-06 12:00:00,101680.0,101702.0,101664.0,101697.0,3600,10,0,3600
2025-01-06 13:00:00,101698.0,101702.0,101664.0,101673.0,3600,10,0,3600
2025-01-06 14:00:00,101674.0,101702.0,101664.0,101691.0,3600,10,0,3600
2025-01-06 15:00:00,101690.0,101702.0,101664.0,101701.0,3600,10,0,3600
2025-01-06 16:00:00,101700.0,101702.0,101664.0,101695.0,3600,10,0,3600
2025-01-06 17:00:00,101694.0,101702.0,101664.0,101701.0,3600,10,0,3600
2025-01-06 18:00:00,101700.0,101702.0,101664.0,101689.0,3600,10,0,3600
2025-01-06 19:00:00,101688.0,101861.0,101664.0,101845.0,3600,10,0,3600
2025-01-06 20:00:00,101844.0,101861.0,101828.0,101845.0,3600,10,0,3600
2025-01-06 21:00:00,101844.0,101861.0,101828.0,101859.0,3600,10,0,3600
2025-01-06 22:00:00,101860.0,101861.0,101828.0,101829.0,3600,10,0,3600
2025-01-06 23:00:00,101828.0,101861.0,101828.0,101849.0,3600,10,0,3600
2025-01-07 00:00:00,101850.0,101861.0,101828.0,101843.0,3600,10,0,3600
2025-01-07 01:00:00,101844.0,101861.0,101828.0,101843.0,3600,10,0,3600
2025-01-07 02:00:00,101842.0,101861.0,101828.0,101833.0,3600,10,0,3600
2025-01-07 03:00:00,101834.0,102044.0,101828.0,101995.0,3598,10,0,3598
2025-01-07 04:00:00,101996.0,102038.0,101936.0,101975.0,3600,10,0,3600
2025-01-07 05:00:00,101974.0,102044.0,101973.0,102041.0,3600,10,0,3600
2025-01-07 06:00:00,102042.0,102044.0,102011.0,102013.0,3600,10,0,3600
2025-01-07 07:00:00,102014.0,102036.0,101976.0,101997.0,3600,10,0,3600
2025-01-07 08:00:00,101998.0,102028.0,101926.0,101975.0,3600,10,0,3600
2025-01-07 09:00:00,101974.0,102393.0,101961.0,102391.0,3600,10,0,3600
2025-01-07 10:00:00,102390.0,102636.0,102381.0,102549.0,3600,10,0,3600
2025-01-07 11:00:00,102550.0,102585.0,102546.0,102551.0,3600,10,0,3600
2025-01-07 12:00:00,102550.0,102600.0,102546.0,102583.0,3600,10,0,3600
2025-01-07 13:00:00,102582.0,102597.0,102546.0,102569.0,3600,10,0,3600
2025-01-07 14:00:00,102568.0,102601.0,102373.0,102377.0,3600,10,0,3600
2025-01-07 15:00:00,102378.0,102400.0,102373.0,102397.0,3600,10,0,3600
2025-01-07 16:00:00,102396.0,102400.0,102373.0,102399.0,3600,10,0,3600
2025-01-07 17:00:00,102400.0,102476.0,102373.0,102446.0,3600,10,0,3600
2025-01-07 18:00:00,102445.0,102776.0,102440.0,102767.0,3600,10,0,3600
2025-01-07 19:00:00,102766.0,102776.0,102253.0,102265.0,3600,10,0,3600
2025-01-07 20:00:00,102266.0,102316.0,102266.0,102313.0,3600,10,0,3600
2025-01-07 21:00:00,102314.0,102316.0,102253.0,102261.0,3600,10,0,3600
2025-01-07 22:00:00,102260.0,102283.0,101994.0,102039.0,3600,10,0,3600
2025-01-07 23:00:00,102040.0,102052.0,101876.0,101886.0,3600,10,0,3600
2025-01-08 00:00:00,101887.0,101916.0,101876.0,101908.0,3600,10,0,3600
2025-01-08 01:00:00,101909.0,101916.0,101876.0,101884.0,3600,10,0,3600
2025-01-08 02:00:00,101885.0,102194.0,101876.0,102169.0,3600,10,0,3600
2025-01-08 03:00:00,102168.0,102194.0,102151.0,102153.0,3600,10,0,3600
2025-01-08 04:00:00,102154.0,102194.0,102151.0,102159.0,3600,10,0,3600
2025-01-08 05:00:00,102160.0,102192.0,102151.0,102177.0,3600,10,0,3600
2025-01-08 06:00:00,102176.0,102194.0,102151.0,102161.0,3600,10,0,3600
2025-01-08 07:00:00,102160.0,102535.0,102151.0,102529.0,3600,10,0,3600
2025-01-08 08:00:00,102530.0,102535.0,102336.0,102418.0,3600,10,0,3600
2025-01-08 09:00:00,102419.0,102420.0,102381.0,102404.0,3600,10,0,3600
2025-01-08 10:00:00,102405.0,102420.0,102356.0,102362.0,3600,10,0,3600
2025-01-08 11:00:00,102363.0,102390.0,102336.0,102374.0,3600,10,0,3600
2025-01-08 12:00:00,102373.0,102420.0,102336.0,102362.0,3600,10,0,3600
2025-01-08 13:00:00,102363.0,102378.0,101969.0,102012.0,3600,10,0,3600
2025-01-08 14:00:00,102013.0,102030.0,101969.0,102020.0,3600,10,0,3600
2025-01-08 15:00:00,102021.0,102030.0,101840.0,101906.0,3600,10,0,3600
2025-01-08 16:00:00,101905.0,101931.0,101886.0,101886.0,3600,10,0,3600
2025-01-08 17:00:00,101885.0,101913.0,101848.0,101876.0,3600,10,0,3600
2025-01-08 18:00:00,101877.0,101881.0,101687.0,101696.0,3600,10,0,3600
2025-01-08 19:00:00,101695.0,101708.0,101343.0,101399.0,3600,10,0,3600
2025-01-08 20:00:00,101400.0,101423.0,101358.0,101387.0,3600,10,0,3600
2025-01-08 21:00:00,101388.0,101389.0,101343.0,101351.0,3600,10,0,3600
2025-01-08 22:00:00,101350.0,101423.0,101343.0,101421.0,3600,10,0,3600
2025-01-08 23:00:00,101422.0,101423.0,101366.0,101375.0,3600,10,0,3600
2025-01-09 00:00:00,101376.0,101395.0,101177.0,101204.0,3600,10,0,3600
2025-01-09 01:00:00,101205.0,101240.0,101190.0,101228.0,3600,10,0,3600
2025-01-09 02:00:00,101227.0,101229.0,101177.0,101178.0,3600,10,0,3600
2025-01-09 03:00:00,101179.0,101227.0,101177.0,101210.0,3600,10,0,3600
2025-01-09 04:00:00,101209.0,101240.0,101202.0,101216.0,3600,10,0,3600
2025-01-09 05:00:00,101217.0,101229.0,101177.0,101214.0,3600,10,0,3600
2025-01-09 06:00:00,101215.0,101240.0,101177.0,101238.0,3600,10,0,3600
2025-01-09 07:00:00,101237.0,101240.0,101199.0,101226.0,3600,10,0,3600
2025-01-09 08:00:00,101225.0,101240.0,101177.0,101182.0,3600,10,0,3600
2025-01-09 09:00:00,101181.0,101240.0,101177.0,101234.0,3600,10,0,3600
2025-01-09 10:00:00,101235.0,101240.0,101177.0,101182.0,3600,10,0,3600
2025-01-09 11:00:00,101183.0,101240.0,101177.0,101230.0,3600,10,0,3600
2025-01-09 12:00:00,101231.0,101240.0,101177.0,101210.0,3600,10,0,3600
2025-01-09 13:00:00,101209.0,101240.0,101196.0,101222.0,3600,10,0,3600
2025-01-09 14:00:00,101221.0,101240.0,101177.0,101190.0,3600,10,0,3600
2025-01-09 15:00:00,101189.0,101214.0,101177.0,101210.0,3600,10,0,3600
2025-01-09 16:00:00,101209.0,101240.0,101177.0,101200.0,3600,10,0,3600
2025-01-09 17:00:00,101199.0,101231.0,101177.0,101188.0,3600,10,0,3600
2025-01-09 18:00:00,101187.0,101210.0,101007.0,101105.0,3600,10,0,3600
2025-01-09 19:00:00,101106.0,101109.0,101007.0,101029.0,3600,10,0,3600
2025-01-09 20:00:00,101030.0,101109.0,101007.0,101061.0,3600,10,0,3600
2025-01-09 21:00:00,101060.0,101109.0,101012.0,101105.0,3600,10,0,3600
2025-01-09 22:00:00,101104.0,101217.0,101068.0,101204.0,3600,10,0,3600
2025-01-09 23:00:00,101205.0,101320.0,101199.0,101268.0,3600,10,0,3600
2025-01-10 00:00:00,101269.0,101304.0,101238.0,101284.0,3600,10,0,3600
2025-01-10 01:00:00,101283.0,101290.0,101238.0,101268.0,3600,10,0,3600
2025-01-10 02:00:00,101267.0,101282.0,101238.0,101254.0,3600,10,0,3600
2025-01-10 03:00:00,101253.0,101303.0,101238.0,101280.0,3600,10,0,3600
2025-01-10 04:00:00,101279.0,101320.0,101118.0,101131.0,3600,10,0,3600
2025-01-10 05:00:00,101132.0,101217.0,101130.0,101167.0,3600,10,0,3600
2025-01-10 06:00:00,101166.0,101217.0,101142.0,101179.0,3600,10,0,3600
2025-01-10 07:00:00,101178.0,101186.0,101118.0,101157.0,3600,10,0,3600
2025-01-10 08:00:00,101158.0,101179.0,101118.0,101119.0,3600,10,0,3600
2025-01-10 09:00:00,101118.0,101153.0,100475.0,100486.0,3600,10,0,3600
2025-01-10 10:00:00,100487.0,100513.0,100475.0,100502.0,3600,10,0,3600
2025-01-10 11:00:00,100503.0,100513.0,100475.0,100506.0,3600,10,0,3600
2025-01-10 12:00:00,100507.0,100513.0,100475.0,100494.0,3600,10,0,3600
2025-01-10 13:00:00,100495.0,100513.0,100475.0,100510.0,3600,10,0,3600
2025-01-10 14:00:00,100509.0,100616.0,100500.0,100578.0,3600,10,0,3600
2025-01-10 15:00:00,100577.0,100578.0,100527.0,100540.0,3600,10,0,3600
2025-01-10 16:00:00,100539.0,100574.0,100527.0,100540.0,3600,10,0,3600
2025-01-10 17:00:00,100539.0,100597.0,100165.0,100177.0,3600,10,0,3600
2025-01-10 18:00:00,100178.0,100228.0,100165.0,100175.0,3600,10,0,3600
2025-01-10 19:00:00,100174.0,100213.0,100165.0,100181.0,3600,10,0,3600
2025-01-10 20:00:00,100180.0,100228.0,100172.0,100197.0,3600,10,0,3600
2025-01-10 21:00:00,100196.0,100219.0,100165.0,100201.0,3600,10,0,3600
2025-01-10 22:00:00,100200.0,100228.0,100167.0,100185.0,3600,10,0,3600
2025-01-10 23:00:00,100186.0,100228.0,100165.0,100197.0,3600,10,0,3600
2025-01-11 00:00:00,100196.0,100228.0,100165.0,100201.0,3600,10,0,3600
2025-01-11 01:00:00,100200.0,100228.0,100198.0,100209.0,3600,10,0,3600
2025-01-11 02:00:00,100208.0,100228.0,100165.0,100211.0,3600,10,0,3600
2025-01-11 03:00:00,100210.0,100228.0,100165.0,100201.0,3600,10,0,3600
2025-01-11 04:00:00,100200.0,100228.0,100183.0,100203.0,3600,10,0,3600
2025-01-11 05:00:00,100204.0,100228.0,100165.0,100225.0,3600,10,0,3600
2025-01-11 06:00:00,100226.0,100228.0,100079.0,100080.0,3600,10,0,3600
2025-01-11 07:00:00,100079.0,100303.0,100079.0,100301.0,3600,10,0,3600
2025-01-11 08:00:00,100300.0,100583.0,100272.0,100566.0,3600,10,0,3600
2025-01-11 09:00:00,100567.0,100583.0,100231.0,100236.0,3600,10,0,3600
2025-01-11 10:00:00,100237.0,100252.0,100231.0,100248.0,3600,10,0,3600
2025-01-11 11:00:00,100249.0,100252.0,100231.0,100232.0,3600,10,0,3600
2025-01-11 12:00:00,100233.0,100332.0,100231.0,100291.0,3600,10,0,3600
2025-01-11 13:00:00,100292.0,100332.0,100290.0,100315.0,3600,10,0,3600
2025-01-11 14:00:00,100314.0,100331.0,100285.0,100311.0,3600,10,0,3600
2025-01-11 15:00:00,100310.0,100332.0,100285.0,100293.0,3600,10,0,3600
2025-01-11 16:00:00,100294.0,100332.0,100285.0,100331.0,3600,10,0,3600
2025-01-11 17:00:00,100330.0,100332.0,100285.0,100289.0,3600,10,0,3600
2025-01-11 18:00:00,100288.0,100332.0,100285.0,100303.0,3600,10,0,3600
2025-01-11 19:00:00,100304.0,100332.0,100285.0,100291.0,3600,10,0,3600
2025-01-11 20:00:00,100292.0,100319.0,100285.0,100315.0,3600,10,0,3600
2025-01-11 21:00:00,100314.0,100332.0,100285.0,100317.0,3600,10,0,3600
2025-01-11 22:00:00,100316.0,100332.0,100285.0,100313.0,3600,10,0,3600
2025-01-11 23:00:00,100314.0,100636.0,100285.0,100618.0,3600,10,0,3600
2025-01-12 00:00:00,100617.0,100801.0,100600.0,100780.0,3600,10,0,3600
2025-01-12 01:00:00,100781.0,100801.0,100505.0,100545.0,3600,10,0,3600
2025-01-12 02:00:00,100546.0,100559.0,100519.0,100527.0,3599,10,0,3599
2025-01-12 03:00:00,100528.0,100559.0,100505.0,100519.0,3600,10,0,3600
2025-01-12 04:00:00,100520.0,100555.0,100505.0,100507.0,3600,10,0,3600
2025-01-12 05:00:00,100506.0,100742.0,100505.0,100731.0,3600,10,0,3600
2025-01-12 06:00:00,100732.0,100742.0,100713.0,100739.0,3600,10,0,3600
2025-01-12 07:00:00,100738.0,100742.0,100334.0,100348.0,3600,10,0,3600
2025-01-12 08:00:00,100349.0,100429.0,100347.0,100418.0,3600,10,0,3600
2025-01-12 09:00:00,100419.0,100429.0,100334.0,100344.0,3600,10,0,3600
2025-01-12 10:00:00,100343.0,100429.0,100334.0,100426.0,3600,10,0,3600
2025-01-12 11:00:00,100427.0,100429.0,100133.0,100164.0,3600,10,0,3600
2025-01-12 12:00:00,100163.0,100218.0,100152.0,100202.0,3600,10,0,3600
2025-01-12 13:00:00,100201.0,100638.0,100175.0,100604.0,3600,10,0,3600
2025-01-12 14:00:00,100605.0,100638.0,100406.0,100419.0,3600,10,0,3600
2025-01-12 15:00:00,100418.0,100466.0,100411.0,100449.0,3600,10,0,3600
2025-01-12 16:00:00,100450.0,100465.0,100409.0,100415.0,3600,10,0,3600
2025-01-12 17:00:00,100416.0,100466.0,100406.0,100427.0,3600,10,0,3600
2025-01-12 18:00:00,100428.0,100466.0,100406.0,100439.0,3600,10,0,3600
2025-01-12 19:00:00,100440.0,100615.0,100406.0,100569.0,3600,10,0,3600
2025-01-12 20:00:00,100570.0,100613.0,100553.0,100591.0,3600,10,0,3600
2025-01-12 21:00:00,100590.0,100611.0,100553.0,100597.0,3600,10,0,3600
2025-01-12 22:00:00,100596.0,100615.0,100571.0,100611.0,3600,10,0,3600
2025-01-12 23:00:00,100612.0,100615.0,100553.0,100569.0,3600,10,0,3600
2025-01-13 00:00:00,100568.0,100615.0,100336.0,100349.0,3600,10,0,3600
2025-01-13 01:00:00,100348.0,100394.0,100336.0,100343.0,3600,10,0,3600
2025-01-13 02:00:00,100342.0,100391.0,100336.0,100341.0,3600,10,0,3600
2025-01-13 03:00:00,100342.0,100394.0,100336.0,100343.0,3600,10,0,3600
2025-01-13 04:00:00,100344.0,100394.0,100336.0,100343.0,3600,10,0,3600
2025-01-13 05:00:00,100344.0,100382.0,100336.0,100379.0,3600,10,0,3600
2025-01-13 06:00:00,100380.0,100394.0,100344.0,100391.0,2782,10,0,2782
2025-01-13 07:00:00,100390.0,100394.0,100357.0,100373.0,3600,10,0,3600
2025-01-13 08:00:00,100372.0,100679.0,100368.0,100677.0,3600,10,0,3600
2025-01-13 09:00:00,100678.0,100679.0,100613.0,100651.0,3600,10,0,3600
2025-01-13 10:00:00,100650.0,100679.0,100639.0,100665.0,3600,10,0,3600
2025-01-13 11:00:00,100664.0,100666.0,100613.0,100621.0,3600,10,0,3600
2025-01-13 12:00:00,100620.0,100659.0,100613.0,100629.0,3600,10,0,3600
2025-01-13 13:00:00,100630.0,100679.0,100613.0,100617.0,3600,10,0,3600
2025-01-13 14:00:00,100618.0,100679.0,100613.0,100679.0,3600,10,0,3600
2025-01-13 15:00:00,100678.0,100862.0,100663.0,100851.0,3590,10,0,3590
2025-01-13 16:00:00,100852.0,100862.0,100823.0,100837.0,3600,10,0,3600
2025-01-13 17:00:00,100838.0,100862.0,100823.0,100851.0,3600,10,0,3600
2025-01-13 18:00:00,100850.0,100977.0,100823.0,100971.0,3600,10,0,3600
2025-01-13 19:00:00,100970.0,100977.0,100939.0,100963.0,3600,10,0,3600
2025-01-13 20:00:00,100962.0,100977.0,100939.0,100963.0,3600,10,0,3600
2025-01-13 21:00:00,100964.0,101068.0,100939.0,101053.0,3600,10,0,3600
2025-01-13 22:00:00,101054.0,101068.0,101022.0,101047.0,3600,10,0,3600
2025-01-13 23:00:00,101048.0,101068.0,101022.0,101033.0,3600,10,0,3600
2025-01-14 00:00:00,101032.0,101068.0,101022.0,101053.0,3600,10,0,3600
2025-01-14 01:00:00,101052.0,101253.0,101022.0,101243.0,3600,10,0,3600
2025-01-14 02:00:00,101244.0,101248.0,101200.0,101205.0,3600,10,0,3600
2025-01-14 03:00:00,101204.0,101249.0,101200.0,101207.0,3600,10,0,3600
2025-01-14 04:00:00,101206.0,101229.0,101117.0,101139.0,3600,10,0,3600
2025-01-14 05:00:00,101138.0,101142.0,101014.0,101037.0,3600,10,0,3600
2025-01-14 06:00:00,101038.0,101040.0,101014.0,101017.0,3600,10,0,3600
2025-01-14 07:00:00,101018.0,101038.0,100895.0,100907.0,3600,10,0,3600
2025-01-14 08:00:00,100908.0,100941.0,100898.0,100939.0,3600,10,0,3600
2025-01-14 09:00:00,100940.0,100941.0,100518.0,100529.0,3600,10,0,3600
2025-01-14 10:00:00,100528.0,100796.0,100524.0,100775.0,3600,10,0,3600
2025-01-14 11:00:00,100774.0,100796.0,100746.0,100773.0,3580,10,0,3580
2025-01-14 12:00:00,100772.0,100796.0,100746.0,100751.0,3600,10,0,3600
2025-01-14 13:00:00,100752.0,100796.0,100746.0,100791.0,3600,10,0,3600
2025-01-14 14:00:00,100790.0,100796.0,100763.0,100789.0,3600,10,0,3600
2025-01-14 15:00:00,100790.0,100796.0,100746.0,100795.0,3600,10,0,3600
2025-01-14 16:00:00,100796.0,100796.0,100746.0,100791.0,3600,10,0,3600
2025-01-14 17:00:00,100792.0,100966.0,100767.0,100920.0,3600,10,0,3600
2025-01-14 18:00:00,100921.0,100924.0,100640.0,100650.0,3600,10,0,3600
2025-01-14 19:00:00,100651.0,100660.0,100541.0,100582.0,3600,10,0,3600
2025-01-14 20:00:00,100583.0,100606.0,100541.0,100584.0,3600,10,0,3600
2025-01-14 21:00:00,100583.0,100606.0,100549.0,100592.0,3600,10,0,3600
2025-01-14 22:00:00,100593.0,100715.0,100592.0,100668.0,3600,10,0,3600
2025-01-14 23:00:00,100667.0,100670.0,100617.0,100638.0,3600,10,0,3600
2025-01-15 00:00:00,100637.0,100690.0,100617.0,100638.0,3600,10,0,3600
2025-01-15 01:00:00,100637.0,100715.0,100637.0,100704.0,3600,10,0,3600
2025-01-15 02:00:00,100705.0,100715.0,100675.0,100708.0,3600,10,0,3600
2025-01-15 03:00:00,100707.0,100715.0,100658.0,100682.0,3600,10,0,3600
2025-01-15 04:00:00,100681.0,100694.0,100629.0,100684.0,3600,10,0,3600
2025-01-15 05:00:00,100683.0,100695.0,100622.0,100678.0,3600,10,0,3600
2025-01-15 06:00:00,100677.0,100715.0,100643.0,100652.0,3600,10,0,3600
2025-01-15 07:00:00,100651.0,100655.0,100330.0,100336.0,3600,10,0,3600
2025-01-15 08:00:00,100337.0,100366.0,100330.0,100352.0,3600,10,0,3600
2025-01-15 09:00:00,100353.0,100366.0,100330.0,100346.0,3600,10,0,3600
2025-01-15 10:00:00,100345.0,100366.0,100330.0,100346.0,3600,10,0,3600
2025-01-15 11:00:00,100345.0,100366.0,100330.0,100358.0,3600,10,0,3600
2025-01-15 12:00:00,100359.0,100366.0,100330.0,100344.0,3600,10,0,3600
2025-01-15 13:00:00,100343.0,100366.0,100330.0,100360.0,3600,10,0,3600
2025-01-15 14:00:00,100359.0,100366.0,100330.0,100344.0,3600,10,0,3600
2025-01-15 15:00:00,100345.0,100361.0,100330.0,100334.0,3600,10,0,3600
2025-01-15 16:00:00,100333.0,100366.0,100330.0,100356.0,3600,10,0,3600
2025-01-15 17:00:00,100355.0,100366.0,100330.0,100336.0,3600,10,0,3600
2025-01-15 18:00:00,100335.0,100366.0,100330.0,100362.0,3600,10,0,3600
2025-01-15 19:00:00,100363.0,100366.0,100330.0,100360.0,3600,10,0,3600
2025-01-15 20:00:00,100361.0,100366.0,100330.0,100344.0,3600,10,0,3600
2025-01-15 21:00:00,100343.0,100366.0,100330.0,100350.0,3600,10,0,3600
2025-01-15 22:00:00,100351.0,100473.0,100330.0,100450.0,3600,10,0,3600
2025-01-15 23:00:00,100449.0,100473.0,100430.0,100444.0,3600,10,0,3600
2025-01-16 00:00:00,100445.0,100473.0,100087.0,100104.0,3600,10,0,3600
2025-01-16 01:00:00,100105.0,100125.0,99840.0,99858.0,3600,10,0,3600
2025-01-16 02:00:00,99857.0,99872.0,99840.0,99850.0,3600,10,0,3600
2025-01-16 03:00:00,99849.0,99872.0,99481.0,99536.0,3600,10,0,3600
2025-01-16 04:00:00,99535.0,99575.0,99495.0,99504.0,3600,10,0,3600
2025-01-16 05:00:00,99503.0,99538.0,99481.0,99492.0,3600,10,0,3600
2025-01-16 06:00:00,99493.0,99528.0,99481.0,99518.0,3598,10,0,3598
2025-01-16 07:00:00,99519.0,99535.0,99481.0,99482.0,3600,10,0,3600
2025-01-16 08:00:00,99483.0,99534.0,99481.0,99532.0,3600,10,0,3600
2025-01-16 09:00:00,99531.0,99557.0,99481.0,99490.0,3600,10,0,3600
2025-01-16 10:00:00,99491.0,99523.0,99481.0,99516.0,3600,10,0,3600
2025-01-16 11:00:00,99517.0,99518.0,99481.0,99504.0,3600,10,0,3600
2025-01-16 12:00:00,99503.0,99549.0,99481.0,99500.0,3600,10,0,3600
2025-01-16 13:00:00,99499.0,99575.0,99486.0,99562.0,3600,10,0,3600
2025-01-16 14:00:00,99561.0,99575.0,99481.0,99482.0,3600,10,0,3600
2025-01-16 15:00:00,99483.0,99575.0,99481.0,99562.0,3600,10,0,3600
2025-01-16 16:00:00,99561.0,99575.0,99497.0,99564.0,3600,10,0,3600
2025-01-16 17:00:00,99565.0,99575.0,99535.0,99554.0,3600,10,0,3600
2025-01-16 18:00:00,99555.0,99555.0,99481.0,99522.0,3600,10,0,3600
2025-01-16 19:00:00,99521.0,99523.0,99481.0,99494.0,3600,10,0,3600
2025-01-16 20:00:00,99495.0,99561.0,99481.0,99482.0,3600,10,0,3600
2025-01-16 21:00:00,99483.0,99509.0,99402.0,99418.0,3600,10,0,3600
2025-01-16 22:00:00,99419.0,99434.0,99156.0,99213.0,3600,10,0,3600
2025-01-16 23:00:00,99212.0,99257.0,99156.0,99171.0,3600,10,0,3600
2025-01-17 00:00:00,99172.0,99257.0,99159.0,99160.0,3593,10,0,3593
2025-01-17 01:00:00,99161.0,99206.0,99156.0,99166.0,3600,10,0,3600
2025-01-17 02:00:00,99167.0,99257.0,99156.0,99206.0,3600,10,0,3600
2025-01-17 03:00:00,99207.0,99226.0,98867.0,98884.0,3600,10,0,3600
2025-01-17 04:00:00,98883.0,98933.0,98867.0,98892.0,3600,10,0,3600
2025-01-17 05:00:00,98893.0,99013.0,98891.0,99013.0,3600,10,0,3600
2025-01-17 06:00:00,99012.0,99013.0,98982.0,99013.0,3600,10,0,3600
2025-01-17 07:00:00,99012.0,99013.0,98982.0,98983.0,3600,10,0,3600
2025-01-17 08:00:00,98982.0,99223.0,98982.0,99130.0,3600,10,0,3600
2025-01-17 09:00:00,99129.0,99194.0,99126.0,99194.0,3600,10,0,3600
2025-01-17 10:00:00,99193.0,99223.0,99138.0,99152.0,3600,10,0,3600
2025-01-17 11:00:00,99153.0,99163.0,98904.0,98917.0,3600,10,0,3600
2025-01-17 12:00:00,98916.0,98976.0,98904.0,98973.0,3600,10,0,3600
2025-01-17 13:00:00,98972.0,98974.0,98904.0,98955.0,3600,10,0,3600
2025-01-17 14:00:00,98954.0,98976.0,98904.0,98939.0,3600,10,0,3600
2025-01-17 15:00:00,98938.0,98976.0,98904.0,98913.0,3600,10,0,3600
2025-01-17 16:00:00,98914.0,98948.0,98904.0,98947.0,3600,10,0,3600
2025-01-17 17:00:00,98948.0,98976.0,98904.0,98905.0,3600,10,0,3600
2025-01-17 18:00:00,98904.0,98953.0,98904.0,98949.0,3600,10,0,3600
2025-01-17 19:00:00,98950.0,98970.0,98609.0,98628.0,3600,10,0,3600
2025-01-17 20:00:00,98629.0,98640.0,98609.0,98630.0,3600,10,0,3600
2025-01-17 21:00:00,98629.0,98640.0,98609.0,98622.0,3600,10,0,3600
2025-01-17 22:00:00,98621.0,98640.0,98609.0,98624.0,3600,10,0,3600
2025-01-17 23:00:00,98625.0,98640.0,98609.0,98628.0,3600,10,0,3600
2025-01-18 00:00:00,98627.0,98640.0,98609.0,98630.0,3600,10,0,3600
2025-01-18 01:00:00,98631.0,98640.0,98609.0,98626.0,3600,10,0,3600
2025-01-18 02:00:00,98627.0,98640.0,98609.0,98630.0,3600,10,0,3600
2025-01-18 03:00:00,98629.0,98640.0,98609.0,98634.0,3600,10,0,3600
2025-01-18 04:00:00,98633.0,98788.0,98609.0,98763.0,3600,10,0,3600
2025-01-18 05:00:00,98762.0,98788.0,98746.0,98749.0,3600,10,0,3600
2025-01-18 06:00:00,98750.0,99278.0,98746.0,99275.0,3600,10,0,3600
2025-01-18 07:00:00,99276.0,99533.0,99217.0,99530.0,3600,10,0,3600
2025-01-18 08:00:00,99529.0,99533.0,99211.0,99223.0,3600,10,0,3600
2025-01-18 09:00:00,99222.0,99248.0,99211.0,99211.0,3600,10,0,3600
2025-01-18 10:00:00,99212.0,99248.0,99211.0,99223.0,3600,10,0,3600
2025-01-18 11:00:00,99224.0,99248.0,99211.0,99231.0,3600,10,0,3600
2025-01-18 12:00:00,99230.0,99248.0,98821.0,98841.0,3600,10,0,3600
2025-01-18 13:00:00,98840.0,98850.0,98821.0,98839.0,3600,10,0,3600
2025-01-18 14:00:00,98838.0,98850.0,98821.0,98841.0,3600,10,0,3600
2025-01-18 15:00:00,98840.0,98850.0,98821.0,98845.0,3600,10,0,3600
2025-01-18 16:00:00,98844.0,98850.0,98744.0,98817.0,3600,10,0,3600
2025-01-18 17:00:00,98816.0,98821.0,98744.0,98763.0,3600,10,0,3600
2025-01-18 18:00:00,98762.0,98818.0,98744.0,98809.0,3600,10,0,3600
2025-01-18 19:00:00,98808.0,98821.0,98746.0,98779.0,3600,10,0,3600
2025-01-18 20:00:00,98780.0,98793.0,98744.0,98759.0,3600,10,0,3600
2025-01-18 21:00:00,98758.0,98895.0,98744.0,98892.0,3600,10,0,3600
2025-01-18 22:00:00,98893.0,98894.0,98678.0,98725.0,3600,10,0,3600
2025-01-18 23:00:00,98726.0,98730.0,98678.0,98721.0,3600,10,0,3600
2025-01-19 00:00:00,98722.0,98730.0,98678.0,98709.0,3600,10,0,3600
2025-01-19 01:00:00,98710.0,98822.0,98685.0,98814.0,3389,10,0,3389
2025-01-19 02:00:00,98813.0,98822.0,98792.0,98806.0,3601,10,0,3601
2025-01-19 03:00:00,98805.0,98819.0,98351.0,98385.0,3600,10,0,3600
2025-01-19 04:00:00,98386.0,98414.0,98351.0,98403.0,3600,10,0,3600
2025-01-19 05:00:00,98404.0,98414.0,98351.0,98397.0,3600,10,0,3600
2025-01-19 06:00:00,98396.0,98820.0,98372.0,98807.0,3600,10,0,3600
2025-01-19 07:00:00,98808.0,99166.0,98783.0,99163.0,3600,10,0,3600
2025-01-19 08:00:00,99162.0,99166.0,99129.0,99159.0,3600,10,0,3600
2025-01-19 09:00:00,99158.0,99166.0,99129.0,99159.0,3600,10,0,3600
2025-01-19 10:00:00,99160.0,99166.0,99129.0,99137.0,3600,10,0,3600
2025-01-19 11:00:00,99138.0,99166.0,99129.0,99131.0,3600,10,0,3600
2025-01-19 12:00:00,99132.0,99166.0,99129.0,99137.0,3600,10,0,3600
2025-01-19 13:00:00,99138.0,99166.0,98954.0,98957.0,3600,10,0,3600
2025-01-19 14:00:00,98956.0,99015.0,98954.0,98999.0,3600,10,0,3600
2025-01-19 15:00:00,98998.0,99015.0,98954.0,98957.0,3600,10,0,3600
2025-01-19 16:00:00,98958.0,99110.0,98954.0,99087.0,3600,10,0,3600
2025-01-19 17:00:00,99086.0,99098.0,99055.0,99069.0,3600,10,0,3600
2025-01-19 18:00:00,99068.0,99102.0,99055.0,99059.0,3600,10,0,3600
2025-01-19 19:00:00,99060.0,99110.0,99055.0,99099.0,3600,10,0,3600
2025-01-19 20:00:00,99098.0,99107.0,99055.0,99097.0,3600,10,0,3600
2025-01-19 21:00:00,99098.0,99110.0,99055.0,99091.0,3600,10,0,3600
2025-01-19 22:00:00,99090.0,99110.0,99055.0,99091.0,3600,10,0,3600
2025-01-19 23:00:00,99090.0,99106.0,99055.0,99059.0,3600,10,0,3600
2025-01-20 00:00:00,99060.0,99110.0,99055.0,99107.0,3600,10,0,3600
2025-01-20 01:00:00,99106.0,99110.0,98961.0,98972.0,3600,10,0,3600
2025-01-20 02:00:00,98973.0,99005.0,98961.0,98978.0,3600,10,0,3600
2025-01-20 03:00:00,98979.0,98985.0,98844.0,98850.0,3600,10,0,3600
2025-01-20 04:00:00,98849.0,98889.0,98844.0,98856.0,3600,10,0,3600
2025-01-20 05:00:00,98855.0,98888.0,98731.0,98786.0,3600,10,0,3600
2025-01-20 06:00:00,98785.0,98791.0,98731.0,98742.0,3600,10,0,3600
2025-01-20 07:00:00,98743.0,98804.0,98731.0,98752.0,3600,10,0,3600
2025-01-20 08:00:00,98753.0,98791.0,98736.0,98776.0,3600,10,0,3600
2025-01-20 09:00:00,98775.0,98804.0,98735.0,98740.0,3600,10,0,3600
2025-01-20 10:00:00,98739.0,98804.0,98731.0,98742.0,3600,10,0,3600
2025-01-20 11:00:00,98743.0,98804.0,98740.0,98760.0,3600,10,0,3600
2025-01-20 12:00:00,98761.0,99037.0,98742.0,99011.0,3600,10,0,3600
2025-01-20 13:00:00,99010.0,99037.0,98990.0,99025.0,3600,10,0,3600
2025-01-20 14:00:00,99026.0,99037.0,98990.0,98993.0,3600,10,0,3600
2025-01-20 15:00:00,98994.0,99037.0,98990.0,99001.0,3600,10,0,3600
2025-01-20 16:00:00,99002.0,99017.0,98739.0,98751.0,3600,10,0,3600
2025-01-20 17:00:00,98750.0,98779.0,98739.0,98773.0,3600,10,0,3600
2025-01-20 18:00:00,98772.0,98779.0,98739.0,98769.0,3600,10,0,3600
2025-01-20 19:00:00,98768.0,99418.0,98751.0,99359.0,3600,10,0,3600
2025-01-20 20:00:00,99360.0,99413.0,99339.0,99387.0,3600,10,0,3600
2025-01-20 21:00:00,99386.0,99396.0,99339.0,99361.0,3600,10,0,3600
2025-01-20 22:00:00,99362.0,99418.0,99339.0,99353.0,3600,10,0,3600
2025-01-20 23:00:00,99352.0,99418.0,99339.0,99385.0,3600,10,0,3600
2025-01-21 00:00:00,99384.0,99418.0,99366.0,99415.0,3600,10,0,3600
2025-01-21 01:00:00,99416.0,99418.0,99339.0,99367.0,3600,10,0,3600
2025-01-21 02:00:00,99368.0,99373.0,99142.0,99201.0,3600,10,0,3600
2025-01-21 03:00:00,99200.0,99211.0,99161.0,99163.0,3600,10,0,3600
2025-01-21 04:00:00,99164.0,99204.0,99142.0,99195.0,3600,10,0,3600
2025-01-21 05:00:00,99196.0,99211.0,99165.0,99175.0,3600,10,0,3600
2025-01-21 06:00:00,99176.0,99189.0,99142.0,99183.0,3600,10,0,3600
2025-01-21 07:00:00,99182.0,99285.0,99142.0,99240.0,3600,10,0,3600
2025-01-21 08:00:00,99241.0,99266.0,99221.0,99250.0,3600,10,0,3600
2025-01-21 09:00:00,99249.0,99262.0,99217.0,99240.0,3600,10,0,3600
2025-01-21 10:00:00,99239.0,99243.0,98875.0,98879.0,3600,10,0,3600
2025-01-21 11:00:00,98878.0,98942.0,98875.0,98895.0,3600,10,0,3600
2025-01-21 12:00:00,98894.0,98942.0,98875.0,98939.0,3600,10,0,3600
2025-01-21 13:00:00,98940.0,98942.0,98875.0,98927.0,3600,10,0,3600
2025-01-21 14:00:00,98928.0,98942.0,98882.0,98919.0,3600,10,0,3600
2025-01-21 15:00:00,98918.0,98942.0,98875.0,98905.0,3600,10,0,3600
2025-01-21 16:00:00,98906.0,99236.0,98887.0,99218.0,3600,10,0,3600
2025-01-21 17:00:00,99219.0,99236.0,99195.0,99196.0,3600,10,0,3600
2025-01-21 18:00:00,99197.0,99236.0,99195.0,99216.0,3600,10,0,3600
2025-01-21 19:00:00,99217.0,99235.0,98959.0,99029.0,3600,10,0,3600
2025-01-21 20:00:00,99028.0,99036.0,98999.0,99001.0,3600,10,0,3600
2025-01-21 21:00:00,99000.0,99022.0,98959.0,98983.0,3600,10,0,3600
2025-01-21 22:00:00,98984.0,99036.0,98959.0,98963.0,3600,10,0,3600
2025-01-21 23:00:00,98962.0,98994.0,98635.0,98653.0,3600,10,0,3600
2025-01-22 00:00:00,98654.0,98677.0,98635.0,98639.0,3600,10,0,3600
2025-01-22 01:00:00,98638.0,98638.0,98527.0,98562.0,3600,10,0,3600
2025-01-22 02:00:00,98563.0,98570.0,98527.0,98544.0,3600,10,0,3600
2025-01-22 03:00:00,98545.0,98570.0,98424.0,98458.0,3600,10,0,3600
2025-01-22 04:00:00,98459.0,98462.0,98042.0,98064.0,3600,10,0,3600
2025-01-22 05:00:00,98065.0,98075.0,98042.0,98058.0,3600,10,0,3600
2025-01-22 06:00:00,98059.0,98550.0,98042.0,98529.0,3600,10,0,3600
2025-01-22 07:00:00,98530.0,98550.0,98485.0,98529.0,3600,10,0,3600
2025-01-22 08:00:00,98528.0,98550.0,98492.0,98525.0,3600,10,0,3600
2025-01-22 09:00:00,98524.0,98531.0,98485.0,98507.0,3600,10,0,3600
2025-01-22 10:00:00,98506.0,98550.0,98485.0,98499.0,3600,10,0,3600
2025-01-22 11:00:00,98498.0,98550.0,98265.0,98318.0,3600,10,0,3600
2025-01-22 12:00:00,98317.0,98502.0,98265.0,98490.0,3600,10,0,3600
2025-01-22 13:00:00,98491.0,98571.0,98489.0,98548.0,3600,10,0,3600
2025-01-22 14:00:00,98549.0,98571.0,98538.0,98562.0,3600,10,0,3600
2025-01-22 15:00:00,98561.0,98571.0,98538.0,98550.0,3600,10,0,3600
2025-01-22 16:00:00,98551.0,98571.0,98538.0,98558.0,3600,10,0,3600
2025-01-22 17:00:00,98557.0,98571.0,98538.0,98544.0,3600,10,0,3600
2025-01-22 18:00:00,98543.0,98571.0,98538.0,98546.0,3600,10,0,3600
2025-01-22 19:00:00,98545.0,98571.0,98538.0,98562.0,3600,10,0,3600
2025-01-22 20:00:00,98561.0,98571.0,98538.0,98552.0,3600,10,0,3600
2025-01-22 21:00:00,98551.0,98571.0,98538.0,98546.0,3600,10,0,3600
2025-01-22 22:00:00,98545.0,98571.0,98035.0,98047.0,3600,10,0,3600
2025-01-22 23:00:00,98048.0,98061.0,98035.0,98053.0,3600,10,0,3600
2025-01-23 00:00:00,98054.0,98061.0,97810.0,97988.0,3600,10,0,3600
2025-01-23 01:00:00,97987.0,98027.0,97979.0,98026.0,3600,10,0,3600
2025-01-23 02:00:00,98027.0,98027.0,97992.0,98026.0,3600,10,0,3600
2025-01-23 03:00:00,98027.0,98027.0,97971.0,98018.0,3600,10,0,3600
2025-01-23 04:00:00,98019.0,98027.0,97971.0,97990.0,3600,10,0,3600
2025-01-23 05:00:00,97991.0,97993.0,97788.0,97790.0,3600,10,0,3600
2025-01-23 06:00:00,97791.0,97962.0,97788.0,97957.0,3600,10,0,3600
2025-01-23 07:00:00,97956.0,97960.0,97677.0,97684.0,3600,10,0,3600
2025-01-23 08:00:00,97685.0,97716.0,97314.0,97373.0,3580,10,0,3580
2025-01-23 09:00:00,97372.0,97415.0,97337.0,97337.0,3600,10,0,3600
2025-01-23 10:00:00,97338.0,97415.0,97320.0,97373.0,3600,10,0,3600
2025-01-23 11:00:00,97372.0,97415.0,97338.0,97411.0,3600,10,0,3600
2025-01-23 12:00:00,97410.0,97415.0,97362.0,97363.0,3600,10,0,3600
2025-01-23 13:00:00,97362.0,97386.0,97324.0,97371.0,3600,10,0,3600
2025-01-23 14:00:00,97370.0,97415.0,97340.0,97373.0,3600,10,0,3600
2025-01-23 15:00:00,97374.0,97415.0,97362.0,97385.0,3600,10,0,3600
2025-01-23 16:00:00,97384.0,97414.0,97314.0,97321.0,3600,10,0,3600
2025-01-23 17:00:00,97322.0,97328.0,97120.0,97136.0,3600,10,0,3600
2025-01-23 18:00:00,97135.0,97141.0,96516.0,96529.0,3600,10,0,3600
2025-01-23 19:00:00,96530.0,96579.0,96528.0,96553.0,3600,10,0,3600
2025-01-23 20:00:00,96552.0,96579.0,96516.0,96571.0,3600,10,0,3600
2025-01-23 21:00:00,96570.0,96579.0,96516.0,96567.0,3600,10,0,3600
2025-01-23 22:00:00,96566.0,96576.0,96516.0,96533.0,3600,10,0,3600
2025-01-23 23:00:00,96534.0,96558.0,96382.0,96436.0,3600,10,0,3600
2025-01-24 00:00:00,96435.0,96464.0,96412.0,96414.0,3600,10,0,3600
2025-01-24 01:00:00,96413.0,96451.0,96407.0,96418.0,3600,10,0,3600
2025-01-24 02:00:00,96419.0,96464.0,96419.0,96462.0,3600,10,0,3600
2025-01-24 03:00:00,96461.0,96464.0,96382.0,96384.0,3600,10,0,3600
2025-01-24 04:00:00,96385.0,96445.0,96382.0,96438.0,3600,10,0,3600
2025-01-24 05:00:00,96439.0,96451.0,96382.0,96428.0,3600,10,0,3600
2025-01-24 06:00:00,96427.0,96464.0,96403.0,96454.0,3600,10,0,3600
2025-01-24 07:00:00,96453.0,96636.0,96424.0,96601.0,3600,10,0,3600
2025-01-24 08:00:00,96602.0,96612.0,96303.0,96307.0,3600,10,0,3600
2025-01-24 09:00:00,96306.0,96357.0,96303.0,96315.0,3600,10,0,3600
2025-01-24 10:00:00,96314.0,96436.0,96304.0,96397.0,3600,10,0,3600
2025-01-24 11:00:00,96398.0,96436.0,96383.0,96423.0,3600,10,0,3600
2025-01-24 12:00:00,96424.0,96436.0,96408.0,96435.0,3600,10,0,3600
2025-01-24 13:00:00,96434.0,96613.0,96409.0,96589.0,3600,10,0,3600
2025-01-24 14:00:00,96588.0,96613.0,96529.0,96555.0,3600,10,0,3600
2025-01-24 15:00:00,96556.0,96613.0,96529.0,96603.0,3600,10,0,3600
2025-01-24 16:00:00,96602.0,96613.0,96581.0,96595.0,3600,10,0,3600
2025-01-24 17:00:00,96596.0,96613.0,96548.0,96549.0,3600,10,0,3600
2025-01-24 18:00:00,96548.0,96572.0,95934.0,95982.0,3600,10,0,3600
2025-01-24 19:00:00,95983.0,95998.0,95934.0,95940.0,3600,10,0,3600
2025-01-24 20:00:00,95941.0,96151.0,95934.0,96148.0,3600,10,0,3600
2025-01-24 21:00:00,96147.0,96151.0,96111.0,96112.0,3600,10,0,3600
2025-01-24 22:00:00,96111.0,96232.0,96111.0,96206.0,3600,10,0,3600
2025-01-24 23:00:00,96207.0,96223.0,96184.0,96214.0,3600,10,0,3600
2025-01-25 00:00:00,96213.0,96232.0,96184.0,96226.0,3600,10,0,3600
2025-01-25 01:00:00,96227.0,96228.0,95926.0,95971.0,3600,10,0,3600
2025-01-25 02:00:00,95972.0,95993.0,95926.0,95945.0,3600,10,0,3600
2025-01-25 03:00:00,95946.0,95993.0,95926.0,95981.0,3600,10,0,3600
2025-01-25 04:00:00,95982.0,95993.0,95943.0,95971.0,3600,10,0,3600
2025-01-25 05:00:00,95970.0,95993.0,95939.0,95949.0,3600,10,0,3600
2025-01-25 06:00:00,95950.0,95993.0,95928.0,95985.0,3600,10,0,3600
2025-01-25 07:00:00,95984.0,95993.0,95926.0,95927.0,3600,10,0,3600
2025-01-25 08:00:00,95926.0,95993.0,95926.0,95959.0,3600,10,0,3600
2025-01-25 09:00:00,95960.0,95965.0,95926.0,95941.0,3600,10,0,3600
2025-01-25 10:00:00,95940.0,95993.0,95926.0,95983.0,3600,10,0,3600
2025-01-25 11:00:00,95984.0,95993.0,95926.0,95951.0,3600,10,0,3600
2025-01-25 12:00:00,95952.0,95993.0,95935.0,95981.0,3600,10,0,3600
2025-01-25 13:00:00,95982.0,95993.0,95827.0,95829.0,3600,10,0,3600
2025-01-25 14:00:00,95828.0,95873.0,95827.0,95843.0,3600,10,0,3600
2025-01-25 15:00:00,95844.0,95871.0,95625.0,95644.0,3600,10,0,3600
2025-01-25 16:00:00,95643.0,95667.0,95625.0,95654.0,3600,10,0,3600
2025-01-25 17:00:00,95655.0,95667.0,95625.0,95636.0,3600,10,0,3600
2025-01-25 18:00:00,95635.0,95667.0,95625.0,95640.0,3600,10,0,3600
2025-01-25 19:00:00,95641.0,95663.0,95625.0,95626.0,3600,10,0,3600
2025-01-25 20:00:00,95627.0,95667.0,95493.0,95497.0,3600,10,0,3600
2025-01-25 21:00:00,95498.0,95515.0,95373.0,95390.0,3600,10,0,3600
2025-01-25 22:00:00,95389.0,95415.0,95373.0,95414.0,3600,10,0,3600
2025-01-25 23:00:00,95415.0,95415.0,94940.0,95022.0,3600,10,0,3600
2025-01-26 00:00:00,95023.0,95316.0,95003.0,95271.0,3600,10,0,3600
2025-01-26 01:00:00,95270.0,95316.0,95261.0,95283.0,3598,10,0,3598
2025-01-26 02:00:00,95282.0,95304.0,95261.0,95269.0,3583,10,0,3583
2025-01-26 03:00:00,95268.0,95399.0,95261.0,95369.0,3600,10,0,3600
2025-01-26 04:00:00,95370.0,95386.0,95331.0,95363.0,3600,10,0,3600
2025-01-26 05:00:00,95364.0,95381.0,95088.0,95091.0,3600,10,0,3600
2025-01-26 06:00:00,95090.0,95118.0,94895.0,94915.0,3600,10,0,3600
2025-01-26 07:00:00,94914.0,94943.0,94895.0,94909.0,3600,10,0,3600
2025-01-26 08:00:00,94910.0,94943.0,94895.0,94935.0,3600,10,0,3600
2025-01-26 09:00:00,94934.0,95158.0,94922.0,95101.0,3600,10,0,3600
2025-01-26 10:00:00,95102.0,95158.0,95094.0,95157.0,3600,10,0,3600
2025-01-26 11:00:00,95158.0,95158.0,95094.0,95097.0,3600,10,0,3600
2025-01-26 12:00:00,95098.0,95118.0,95027.0,95065.0,3600,10,0,3600
2025-01-26 13:00:00,95066.0,95079.0,95031.0,95059.0,3600,10,0,3600
2025-01-26 14:00:00,95058.0,95079.0,95037.0,95071.0,3600,10,0,3600
2025-01-26 15:00:00,95072.0,95079.0,95027.0,95027.0,3600,10,0,3600
2025-01-26 16:00:00,95028.0,95079.0,95027.0,95047.0,3600,10,0,3600
2025-01-26 17:00:00,95048.0,95079.0,95044.0,95071.0,3600,10,0,3600
2025-01-26 18:00:00,95072.0,95079.0,95027.0,95075.0,3600,10,0,3600
2025-01-26 19:00:00,95076.0,95079.0,94843.0,94858.0,3600,10,0,3600
2025-01-26 20:00:00,94859.0,94861.0,94511.0,94551.0,3600,10,0,3600
2025-01-26 21:00:00,94552.0,94571.0,94511.0,94543.0,3600,10,0,3600
2025-01-26 22:00:00,94544.0,94571.0,94511.0,94553.0,3600,10,0,3600
2025-01-26 23:00:00,94552.0,94571.0,94436.0,94451.0,3600,10,0,3600
2025-01-27 00:00:00,94449.0,94511.0,94436.0,94487.0,3595,10,0,3595
2025-01-27 01:00:00,94488.0,94499.0,93842.0,93897.0,3600,10,0,3600
2025-01-27 02:00:00,93896.0,93905.0,93842.0,93905.0,3600,10,0,3600
2025-01-27 03:00:00,93904.0,93905.0,93842.0,93869.0,3600,10,0,3600
2025-01-27 04:00:00,93870.0,93886.0,93842.0,93847.0,3600,10,0,3600
2025-01-27 05:00:00,93848.0,93905.0,93842.0,93851.0,3600,10,0,3600
2025-01-27 06:00:00,93852.0,93885.0,93444.0,93493.0,3600,10,0,3600
2025-01-27 07:00:00,93492.0,93508.0,93444.0,93475.0,3600,10,0,3600
2025-01-27 08:00:00,93476.0,93496.0,93444.0,93449.0,3600,10,0,3600
2025-01-27 09:00:00,93448.0,93508.0,93444.0,93495.0,3600,10,0,3600
2025-01-27 10:00:00,93494.0,93508.0,93444.0,93493.0,3600,10,0,3600
2025-01-27 11:00:00,93492.0,93508.0,93461.0,93469.0,3600,10,0,3600
2025-01-27 12:00:00,93470.0,93501.0,93176.0,93195.0,3600,10,0,3600
2025-01-27 13:00:00,93196.0,93206.0,93176.0,93179.0,3600,10,0,3600
2025-01-27 14:00:00,93178.0,93206.0,93006.0,93024.0,3600,10,0,3600
2025-01-27 15:00:00,93023.0,93031.0,92821.0,92862.0,3600,10,0,3600
2025-01-27 16:00:00,92861.0,93174.0,92843.0,93163.0,3600,10,0,3600
2025-01-27 17:00:00,93162.0,93550.0,93153.0,93538.0,3600,10,0,3600
2025-01-27 18:00:00,93537.0,93547.0,92820.0,92871.0,3600,10,0,3600
2025-01-27 19:00:00,92870.0,92870.0,92820.0,92823.0,3600,10,0,3600
2025-01-27 20:00:00,92824.0,92885.0,92820.0,92875.0,3600,10,0,3600
2025-01-27 21:00:00,92874.0,92885.0,92820.0,92823.0,3600,10,0,3600
2025-01-27 22:00:00,92822.0,93083.0,92820.0,93068.0,3600,10,0,3600
2025-01-27 23:00:00,93069.0,93083.0,92918.0,92977.0,3600,10,0,3600
2025-01-28 00:00:00,92978.0,93127.0,92972.0,93042.0,3600,10,0,3600
2025-01-28 01:00:00,93043.0,93127.0,93035.0,93052.0,3600,10,0,3600
2025-01-28 02:00:00,93053.0,93127.0,93035.0,93120.0,3600,10,0,3600
2025-01-28 03:00:00,93119.0,93127.0,93092.0,93120.0,3600,10,0,3600
2025-01-28 04:00:00,93119.0,93127.0,93035.0,93108.0,3600,10,0,3600
2025-01-28 05:00:00,93109.0,93388.0,93093.0,93366.0,3600,10,0,3600
2025-01-28 06:00:00,93367.0,93377.0,93303.0,93342.0,3600,10,0,3600
2025-01-28 07:00:00,93341.0,93388.0,93312.0,93360.0,3600,10,0,3600
2025-01-28 08:00:00,93359.0,93388.0,93303.0,93324.0,3600,10,0,3600
2025-01-28 09:00:00,93325.0,93349.0,93303.0,93304.0,3600,10,0,3600
2025-01-28 10:00:00,93305.0,93388.0,93303.0,93364.0,3600,10,0,3600
2025-01-28 11:00:00,93365.0,93388.0,93318.0,93338.0,3600,10,0,3600
2025-01-28 12:00:00,93339.0,93375.0,93303.0,93368.0,3600,10,0,3600
2025-01-28 13:00:00,93367.0,93388.0,93334.0,93372.0,3600,10,0,3600
2025-01-28 14:00:00,93373.0,93604.0,93340.0,93581.0,3600,10,0,3600
2025-01-28 15:00:00,93582.0,93604.0,93566.0,93591.0,3600,10,0,3600
2025-01-28 16:00:00,93592.0,93604.0,93566.0,93577.0,3600,10,0,3600
2025-01-28 17:00:00,93576.0,93604.0,93566.0,93593.0,3600,10,0,3600
2025-01-28 18:00:00,93594.0,93802.0,93566.0,93786.0,3600,10,0,3600
2025-01-28 19:00:00,93785.0,93802.0,93760.0,93778.0,3600,10,0,3600
2025-01-28 20:00:00,93779.0,93802.0,93760.0,93800.0,3600,10,0,3600
2025-01-28 21:00:00,93801.0,93802.0,93401.0,93402.0,3600,10,0,3600
2025-01-28 22:00:00,93403.0,93449.0,93401.0,93420.0,3600,10,0,3600
2025-01-28 23:00:00,93421.0,93454.0,93084.0,93089.0,3600,10,0,3600
2025-01-29 00:00:00,93090.0,93195.0,93084.0,93114.0,3600,10,0,3600
2025-01-29 01:00:00,93113.0,93195.0,93113.0,93188.0,3600,10,0,3600
2025-01-29 02:00:00,93189.0,93195.0,93111.0,93142.0,3600,10,0,3600
2025-01-29 03:00:00,93141.0,93143.0,93012.0,93026.0,3600,10,0,3600
2025-01-29 04:00:00,93027.0,93052.0,92923.0,92930.0,3600,10,0,3600
2025-01-29 05:00:00,92929.0,92967.0,92923.0,92930.0,3600,10,0,3600
2025-01-29 06:00:00,92931.0,93090.0,92923.0,93062.0,3600,10,0,3600
2025-01-29 07:00:00,93063.0,93073.0,93008.0,93016.0,3600,10,0,3600
2025-01-29 08:00:00,93017.0,93050.0,92775.0,92778.0,3600,10,0,3600
2025-01-29 09:00:00,92777.0,92815.0,92587.0,92615.0,3600,10,0,3600
2025-01-29 10:00:00,92614.0,92640.0,92603.0,92635.0,3600,10,0,3600
2025-01-29 11:00:00,92636.0,92897.0,92624.0,92884.0,3600,10,0,3600
2025-01-29 12:00:00,92883.0,92897.0,92866.0,92888.0,3600,10,0,3600
2025-01-29 13:00:00,92887.0,92896.0,92724.0,92755.0,3600,10,0,3600
2025-01-29 14:00:00,92756.0,92781.0,92745.0,92771.0,3600,10,0,3600
2025-01-29 15:00:00,92770.0,92780.0,92724.0,92771.0,3600,10,0,3600
2025-01-29 16:00:00,92772.0,92781.0,92724.0,92763.0,3600,10,0,3600
2025-01-29 17:00:00,92764.0,92781.0,92727.0,92775.0,3600,10,0,3600
2025-01-29 18:00:00,92776.0,92781.0,92724.0,92779.0,3600,10,0,3600
2025-01-29 19:00:00,92778.0,92902.0,92734.0,92891.0,3600,10,0,3600
2025-01-29 20:00:00,92892.0,92902.0,92870.0,92889.0,3600,10,0,3600
2025-01-29 21:00:00,92888.0,92918.0,92716.0,92915.0,3600,10,0,3600
2025-01-29 22:00:00,92916.0,92916.0,92854.0,92863.0,3600,10,0,3600
2025-01-29 23:00:00,92862.0,93049.0,92854.0,93001.0,3600,10,0,3600
2025-01-30 00:00:00,93000.0,93027.0,92970.0,92971.0,3600,10,0,3600
2025-01-30 01:00:00,92972.0,93006.0,92970.0,92985.0,3600,10,0,3600
2025-01-30 02:00:00,92984.0,93049.0,92983.0,93019.0,3600,10,0,3600
2025-01-30 03:00:00,93018.0,93030.0,92559.0,92568.0,3600,10,0,3600
2025-01-30 04:00:00,92567.0,92613.0,92559.0,92590.0,3600,10,0,3600
2025-01-30 05:00:00,92589.0,92599.0,92435.0,92445.0,3600,10,0,3600
2025-01-30 06:00:00,92444.0,92649.0,92435.0,92525.0,3600,10,0,3600
2025-01-30 07:00:00,92526.0,92590.0,92501.0,92577.0,3600,10,0,3600
2025-01-30 08:00:00,92576.0,92606.0,92523.0,92587.0,3600,10,0,3600
2025-01-30 09:00:00,92586.0,92604.0,92508.0,92509.0,3600,10,0,3600
2025-01-30 10:00:00,92508.0,92550.0,92501.0,92527.0,3600,10,0,3600
2025-01-30 11:00:00,92526.0,92550.0,92501.0,92505.0,3600,10,0,3600
2025-01-30 12:00:00,92506.0,92585.0,92501.0,92569.0,3600,10,0,3600
2025-01-30 13:00:00,92568.0,92649.0,92546.0,92639.0,3600,10,0,3600
2025-01-30 14:00:00,92638.0,92645.0,92553.0,92559.0,3600,10,0,3600
2025-01-30 15:00:00,92558.0,92638.0,92557.0,92603.0,3600,10,0,3600
2025-01-30 16:00:00,92604.0,92633.0,92569.0,92581.0,3600,10,0,3600
2025-01-30 17:00:00,92582.0,92632.0,92571.0,92595.0,3600,10,0,3600
2025-01-30 18:00:00,92596.0,92626.0,92512.0,92537.0,3600,10,0,3600
2025-01-30 19:00:00,92538.0,92576.0,92511.0,92529.0,3600,10,0,3600
2025-01-30 20:00:00,92530.0,92567.0,92501.0,92527.0,3600,10,0,3600
2025-01-30 21:00:00,92528.0,92572.0,92507.0,92529.0,3600,10,0,3600
2025-01-30 22:00:00,92530.0,92563.0,92501.0,92539.0,3600,10,0,3600
2025-01-30 23:00:00,92538.0,92554.0,92501.0,92521.0,3600,10,0,3600
