id,symbol,type,entry,exit_price,pnl,pips,volume,time,exit_time,duration_minutes,strategy,result,comment
4202345416,Volatility 50 Index,BUY,162.7382,162.9448,0.83,2065.9999999998035,4.0,2025-04-20 00:13:20,2025-04-20 00:16:38,3,,WIN,Bullishbreakouta
4202345429,Volatility 100 Index,SELL,1496.72,1501.55,-2.42,-48299.99999999927,0.5,2025-04-20 00:13:22,2025-04-20 00:24:16,10,,LOSS,Bearishbreakdown
4202345457,Crash 1000 Index,SELL,4891.419,4883.3,1.62,81189.99999999687,0.2,2025-04-20 00:13:24,2025-04-20 00:18:14,4,,WIN,Bearishbreakdown
4202345472,Boom 500 Index,SELL,4710.552,4721.096,-2.11,-105439.99999999869,0.2,2025-04-20 00:13:26,2025-04-20 00:20:53,7,,LOSS,Bearishbreakdown
4202345491,Boom 1000 Index,SELL,21062.602,20954.744,21.57,1078580.0000000019,0.2,2025-04-20 00:13:27,2025-04-20 02:56:28,163,,WIN,Bearishbreakdown
4202345502,Jump 10 Index,SELL,88525.66,88634.59,-5.45,-1089299.9999999302,0.05,2025-04-20 00:13:28,2025-04-20 00:41:41,28,,LOSS,Bearishbreakdown
4202345512,Jump 50 Index,SELL,38057.44,37331.01,36.32,7264300.000000003,0.05,2025-04-20 00:13:30,2025-04-20 00:55:48,42,,WIN,Bearishbreakdown
4202345530,Jump 100 Index,SELL,2259.77,2281.79,-1.1,-220199.99999999983,0.05,2025-04-20 00:13:32,2025-04-20 01:35:11,81,,LOSS,Bearishbreakdown
4202348694,Volatility 50 Index,BUY,162.6024,162.9708,1.47,3684.0000000000828,4.0,2025-04-20 00:19:42,2025-04-20 00:22:50,3,,WIN,Bullishbreakouta
4202348711,Volatility 100 Index,SELL,1491.94,1501.55,-4.8100000000000005,-96099.999999999,0.5,2025-04-20 00:19:44,2025-04-20 00:24:16,4,,LOSS,Bearishbreakdown
4202348716,Crash 1000 Index,SELL,4883.599,4880.454,0.63,31450.000000004366,0.2,2025-04-20 00:19:46,2025-04-20 00:37:33,17,,WIN,Bearishbreakdown
4202348742,Boom 500 Index,SELL,4712.8,4721.096,-1.6600000000000001,-82959.99999999367,0.2,2025-04-20 00:19:48,2025-04-20 00:20:53,1,,LOSS,Bearishbreakdown
4202348752,Boom 1000 Index,SELL,21060.985,20954.744,21.25,1062410.0000000182,0.2,2025-04-20 00:19:49,2025-04-20 02:56:28,156,,WIN,Bearishbreakdown
4202348753,Jump 10 Index,SELL,88526.11,88634.59,-5.42,-1084799.9999999593,0.05,2025-04-20 00:19:50,2025-04-20 00:41:41,21,,LOSS,Bearishbreakdown
4202348757,Jump 50 Index,SELL,37889.36,37331.01,27.92,5583499.999999985,0.05,2025-04-20 00:19:51,2025-04-20 00:55:48,35,,WIN,Bearishbreakdown
4202348763,Jump 100 Index,SELL,2253.98,2281.79,-1.3900000000000001,-278099.9999999995,0.05,2025-04-20 00:19:53,2025-04-20 01:35:11,75,,LOSS,Bearishbreakdown
4202351704,Volatility 50 Index,BUY,162.7836,162.9507,0.67,1671.000000000049,4.0,2025-04-20 00:24:42,2025-04-20 00:25:38,0,,WIN,Bullishbreakouta
4202351733,Volatility 100 Index,SELL,1499.16,1502.16,-1.5,-30000.0,0.5,2025-04-20 00:24:46,2025-04-20 00:42:24,17,,LOSS,Bearishbreakdown
4202351755,Crash 1000 Index,SELL,4885.079,4854.806,6.05,302730.0000000014,0.2,2025-04-20 00:24:48,2025-04-20 06:26:41,361,,WIN,Bearishbreakdown
4202351770,Jump 10 Index,SELL,88470.31,88634.59,-8.21,-1642799.9999999884,0.05,2025-04-20 00:24:51,2025-04-20 00:41:41,16,,LOSS,Bearishbreakdown
4202351784,Jump 50 Index,SELL,37821.5,37324.19,24.87,4973099.999999977,0.05,2025-04-20 00:24:53,2025-04-20 00:57:22,32,,WIN,Bearishbreakdown
4202351803,Jump 100 Index,SELL,2246.65,2281.79,-1.76,-351399.9999999987,0.05,2025-04-20 00:24:55,2025-04-20 01:35:11,70,,LOSS,Bearishbreakdown
4202353547,Volatility 50 Index,BUY,162.8718,163.0445,0.69,1726.9999999999186,4.0,2025-04-20 00:28:10,2025-04-20 00:29:06,0,,WIN,Bullishbreakouta
4202353570,Volatility 100 Index,SELL,1493.65,1502.16,-4.26,-85099.99999999991,0.5,2025-04-20 00:28:12,2025-04-20 00:42:24,14,,LOSS,Bearishbreakdown
4202353584,Crash 1000 Index,SELL,4886.058,4870.722,3.07,153360.0000000024,0.2,2025-04-20 00:28:14,2025-04-20 02:27:56,119,,WIN,Bearishbreakdown
4202353598,Jump 10 Index,SELL,88463.58,88634.59,-8.55,-1710099.9999999476,0.05,2025-04-20 00:28:17,2025-04-20 00:41:41,13,,LOSS,Bearishbreakdown
4202353607,Jump 50 Index,SELL,37844.16,37324.19,26.0,5199700.000000011,0.05,2025-04-20 00:28:19,2025-04-20 00:57:22,29,,WIN,Bearishbreakdown
4202353618,Jump 100 Index,SELL,2246.9,2281.79,-1.74,-348899.9999999987,0.05,2025-04-20 00:28:21,2025-04-20 01:35:11,66,,LOSS,Bearishbreakdown
4202357260,Volatility 50 Index,BUY,163.3695,163.4373,0.27,678.0000000000541,4.0,2025-04-20 00:34:32,2025-04-20 00:53:18,18,,WIN,Bullishbreakouta
4202357325,Volatility 100 Index,SELL,1494.1,1502.16,-4.03,-80600.00000000173,0.5,2025-04-20 00:34:34,2025-04-20 00:42:24,7,,LOSS,Bearishbreakdown
4202357355,Crash 1000 Index,SELL,4887.884,4870.722,3.43,171620.00000000262,0.2,2025-04-20 00:34:36,2025-04-20 02:27:56,113,,WIN,Bearishbreakdown
4202357377,Jump 10 Index,SELL,88541.06,88634.59,-4.68,-935299.9999999884,0.05,2025-04-20 00:34:38,2025-04-20 00:41:41,7,,LOSS,Bearishbreakdown
4202357400,Jump 50 Index,SELL,37801.28,37324.19,23.85,4770899.999999965,0.05,2025-04-20 00:34:39,2025-04-20 00:57:22,22,,WIN,Bearishbreakdown
4202357417,Jump 100 Index,SELL,2233.85,2281.79,-2.4,-479400.0000000005,0.05,2025-04-20 00:34:41,2025-04-20 01:35:11,60,,LOSS,Bearishbreakdown
4202359155,Volatility 50 Index,BUY,163.1993,162.55,-2.6,-6492.9999999998245,4.0,2025-04-20 00:37:22,2025-04-20 01:37:06,59,,LOSS,Bullishbreakouta
4202359179,Volatility 100 Index,SELL,1496.77,1502.16,-2.7,-53900.000000001004,0.5,2025-04-20 00:37:24,2025-04-20 00:42:24,5,,LOSS,Bearishbreakdown
4202359225,Crash 1000 Index,SELL,4888.716,4861.078,5.53,276379.9999999992,0.2,2025-04-20 00:37:26,2025-04-20 06:25:35,348,,WIN,Bearishbreakdown
4202359235,Boom 300 Index,BUY,1954.984,1951.716,-3.27,-32680.00000000029,1.0,2025-04-20 00:37:27,2025-04-20 01:06:13,28,,LOSS,BullishreversalI
4202359242,Jump 10 Index,SELL,88538.63,88634.59,-4.8,-959599.9999999185,0.05,2025-04-20 00:37:29,2025-04-20 00:41:41,4,,LOSS,Bearishbreakdown
4202359250,Jump 50 Index,SELL,37786.91,37324.19,23.14,4627200.000000011,0.05,2025-04-20 00:37:31,2025-04-20 00:57:22,19,,WIN,Bearishbreakdown
4202359325,Jump 100 Index,SELL,2229.8,2261.05,-1.56,-312500.0,0.05,2025-04-20 00:37:33,2025-04-20 01:27:01,49,,LOSS,Bearishbreakdown
4202360129,Volatility 100 Index,SELL,1497.92,1502.16,-2.12,-42400.00000000009,0.5,2025-04-20 00:39:06,2025-04-20 00:42:24,3,,LOSS,Bearishbreakdown
4202360169,Crash 1000 Index,SELL,4880.628,4854.806,5.16,258220.00000000116,0.2,2025-04-20 00:39:10,2025-04-20 06:26:41,347,,WIN,Bearishbreakdown
4202360193,Jump 10 Index,SELL,88576.85,88634.59,-2.89,-577399.9999999069,0.05,2025-04-20 00:39:13,2025-04-20 00:41:41,2,,LOSS,Bearishbreakdown
4202360206,Jump 50 Index,SELL,37813.45,37324.19,24.46,4892599.999999948,0.05,2025-04-20 00:39:15,2025-04-20 00:57:22,18,,WIN,Bearishbreakdown
4202360216,Jump 100 Index,SELL,2229.64,2258.68,-1.45,-290399.99999999965,0.05,2025-04-20 00:39:17,2025-04-20 01:26:53,47,,LOSS,Bearishbreakdown
4202360228,Range Break 100 Index,SELL,56255.1,56458.8,-10.19,-2037000.0000000438,0.05,2025-04-20 00:39:20,2025-04-20 05:33:12,293,,LOSS,Bearishbreakdown
4202362008,Crash 1000 Index,SELL,4881.522,4854.806,5.34,267160.0000000035,0.2,2025-04-20 00:42:16,2025-04-20 06:26:41,344,,WIN,Bearishbreakdown
4202362068,Jump 50 Index,SELL,37806.75,37324.19,24.13,4825599.999999977,0.05,2025-04-20 00:42:20,2025-04-20 00:57:22,15,,WIN,Bearishbreakdown
4202362095,Jump 100 Index,SELL,2233.29,2258.68,-1.27,-253899.99999999872,0.05,2025-04-20 00:42:22,2025-04-20 01:26:53,44,,LOSS,Bearishbreakdown
4202362136,Range Break 100 Index,SELL,56277.1,56458.8,-9.09,-1817000.0000000438,0.05,2025-04-20 00:42:24,2025-04-20 05:33:12,290,,LOSS,Bearishbreakdown
